disaster_id,name_int,name_local,type,subtype,date_start,date_end,date_year,date_month
TropicalCyclone_1997-10-25_TyphoonNarsing,Typhoon Ivan,Typhoon Narsing,Tropical Cyclone,"Heavy rains, Flooding",1997-10-25,,1997,10
TropicalCyclone_1997-08-18_TyphoonIbiang,Typhoon Winnie,Typhoon Ibiang,Tropical Cyclone,"Heavy rains, Flooding, Lahar flow",1997-08-18,1997-08-19,1997,10
Earthquake_1999-12-12_LuzonEarthquake,1999 Luzon Earthquake,1999 Luzon Earthquake,Earthquake,Aftershocks,1999-12-12,,1997,10
VolcanicHazard_1991-06-15,Mount Pinatubo Volcanic Eruption,Mount Pinatubo Volcanic Eruption,Volcanic Hazard,"Lahar, Flooding, Occasional Phreatic Explosions, Earthquakes, Diseases",1991-06-15,,1997,10
TropicalCyclone_1984-08-31_TyphoonNitang,Typhoon Ike,Typhoon Nitang,Tropical Cyclone,"Heavy rains, Flooding",1984-08-31,1984-09-04,1997,10
TropicalCyclone_2008-06-29_TyphoonFrank,Typhoon Fengshen,Typhoon Frank,Tropical Cyclone,"Heavy rains, Flooding",2008-06-29,,1997,10
Flooding_2005-12-01,,,Flooding,"Flooding, Mass Movement, Breaching",2005-12-01,,1997,10
Flooding_1999-12-23,,,Flooding,"Continuous Rains, Flooding, Mass Movements",1999-12-23,,1997,10
Flooding_1999-01-01,,,Flooding,"Heavy rains, Mass Movement",1999-01-01,,1997,10
TropicalCyclone_2001-07-02_TyphoonFeria,Severe Tropical Storm Utor,Typhoon Feria,Tropical Cyclone,,2001-07-02,2001-07-07,1997,10
Human-InducedHazard_1899-12-31,,,Human-Induced Hazard,,1899-12-31,,1997,10
Flooding_1995,,,Flooding,,1900-02-02,,1997,10
RedTide_1995,,,Red Tide,,1995,,1997,10
Infestation_1995_Locust,,,Infestation,Locust,1995,,1997,10
Mass Movement_1995,,,Mass Movement,,1995,,1997,10
Drought_1995,,,Drought,,1995,,1997,10
Tornado_1995,,,Tornado,,1995,,1997,10
Epidemic_1995_FootandMouthDisease,,,Epidemic,Food and Mouth DIsease,1995,,1997,10
Earthquake_1995,,,Earthquake,,1995,,1997,10
VolcanicHazard_1995_Lahar,,,Volcanic Hazard,Lahar,1995,,1997,10
Drought_1995-01-09,,,Drought,,1995-01-09,,1997,10
Flooding_1995-01-15,,,Flooding,,1995-01-15,1995-01-17,1997,10
Flooding_1995-01-20,,,Flooding,,1995-01-20,,1997,10
Human-InducedHazard_1995_CivilDisturbances,,,Human-Induced Hazard,Civil Disturbances,1995,,1997,10
Human-InducedHazard_1995_Bomb/GrenadeExplosions,,,Human-Induced Hazard,Bomb/Grenade explosions,1995,,1997,10
Human-InducedHazard_1995_ShootingIncidents,,,Human-Induced Hazard,Shooting incidents,1995,,1997,10
Human-InducedHazard_1995_VehicularAccidents,,,Human-Induced Hazard,Vehicular Accidents,1995,,1997,10
Human-InducedHazard_1995_TillingPondCollapse,,,Human-Induced Hazard,Tilling Pond Collapse,1995,,1997,10
Human-InducedHazard_1995_SeaMishaps,,,Human-Induced Hazard,Sea Mishaps,1995,,1997,10
Fire_1995,,,Fire,Fire Incidents,1995,,1997,10
Human-InducedHazard_1995_CollapsedBridges,,,Human-Induced Hazard,Collapsed Bridges,1995,,1997,10
Epidemic_1995_Leptospirosis,,,Epidemic,Leptospirosis,1995,,1997,10
Typhoon_1986-07-11_TyphoonGading,Typhoon Peggy,Typhoon Gading,Tropical Cyclone,,1986-07-06,1986-07-10,1997,10
TropicalCyclone_1986-10-10_TropicalStormPasing,Typhoon Ellen,Tropical Storm Pasing,Tropical Cyclone,,1986-10-10,1986-10-14,1997,10
TropicalCyclone_1986-12-20_TyphoonAning,Typhoon Marge,Typhoon Aning,Tropical Cyclone,,1986-12-20,1986-12-23,1997,10
Human-InducedHazard_1995-12-13,,,Human-Induced Hazard,,1994-12-02,,1997,10
Fire_1995-12-13,,,Fire,,1995-12-13,,1997,10
Human-InducedHazard_1994-12-02,,,Human-Induced Hazard,Ship collision,1994-12-02,,1997,10
Fire_1995-12-13,,,Fire,Fire incident on ship,1995-12-13,,1997,10
Human-InducedHazard_1996-02-18,,,Human-Induced Hazard,Ship sinking,1996-02-18,,1997,10
Human-InducedHazard_1998-09-18,,,Human-Induced Hazard,Ship sinking,1998-09-18,,1997,10
Human-InducedHazard_1999-12-23,,,Human-Induced Hazard,Ship sinking,1999-12-23,,1997,10
Tornado_2000-04-15,,,Tornado,,2000-04-15,,1997,10
TropicalCyclone_2003-05-25_TropicalStormChedeng,Tropical Storm Linfa,"Tropical Storm Chedeng
",Tropical Cyclone,,2003-05-25,2003-05-29,1997,10
TropicalCyclone_2003-06-13_TropicalStormEgay,Tropical Storm Soudelor,Tropical Storm Egay,Tropical Cyclone,,2003-06-13,2003-06-18,1997,10
TropicalCyclone_2003-07-15_TropicalStormGilas,Tropical Storm Koni,Tropical Storm Gilas,Tropical Cyclone,,2003-07-15,2003-07-20,1997,10
TropicalCyclone_2003-07-19_SuperTyphoonHarurot,Super Typhoon Imbudo,Super Typhoon Harurot,Tropical Cyclone,,2003-07-19,2003-07-23,1997,10
TropicalCyclone_2003-07-30_TropicalDepressionIneng,n/a,Tropical Depression Ineng,Tropical Cyclone,,2003-07-30,2003-07-31,1997,10
TropicalCyclone_2003-08-04_TropicalStormKabayan,Tropical Storm Etau,Tropical Storm Kabayan,Tropical Cyclone,,2003-08-04,2003-08-06,1997,10
TropicalCyclone_2003-08-20_TyphoonNina,Typhoon Krovanh,Typhoon Nina,Tropical Cyclone,,2003-08-20,2003-08-23,1997,10
TropicalCyclone_2003-08-29_TyphoonOnyok,Typhoon Dujuan,Typhoon Onyok,Tropical Cyclone,,2003-08-29,2003-09-02,1997,10
TropicalCyclone_2003-10-24_TropicalStormUrsula,n/a,Tropical Storm Ursula,Tropical Cyclone,,2003-10-24,2003-10-31,1997,10
TropicalCyclone_2003-11-12_TropicalStormWeng,Typhoon Nepartak,Tropical Storm Weng,Tropical Cyclone,,2003-11-12,2003-11-15,1997,10
StormSurge_1897-10-12_TyphoonOfSamarAndLeyte,n/a,Typhoon of Samar and Leyte,Storm Surge,,1897-10-12,,1997,10
StormSurge_1908-10-13_TyphoonOfOctober131908,n/a,Typhoon of October 13 1908,Storm Surge,,1908-10-13,,1997,10
StormSurge_1912-10-14_TyphoonOfLeyteAndCebu,n/a,Typhoon of Leyte and Cebu,Storm Surge,,1912-10-14,1912-10-16,1997,10
StormSurge_1914-06-15_TyphoonOfSamarAndLuzon,n/a,Typhoon of Samar and Luzon,Storm Surge,,1914-06-15,1914-06-24,1997,10
StormSurge_1916-01-10_TyphoonOfBiliranAndNorthernLeyte,n/a,Typhoon of Biliran and Northern Leyte,Storm Surge,,1916-01-10,1916-01-16,1997,10
TropicalCyclone_2003,,,Tropical Cyclone,,2003,,1997,10
TropicalCyclone_2002,,,Tropical Cyclone,,2002,,1997,10
TropicalCyclone_2001,,,Tropical Cyclone,,2001,,1997,10
TropicalCyclone_2000,,,Tropical Cyclone,,2000,,1997,10
TropicalCyclone_1999,,,Tropical Cyclone,,1999,,1997,10
TropicalCyclone_1998,,,Tropical Cyclone,,1998,,1997,10
TropicalCyclone_1997,,,Tropical Cyclone,,1997,,1997,10
TropicalCyclone_1996,,,Tropical Cyclone,,1996,,1997,10
TropicalCyclone_1995,,,Tropical Cyclone,,1995,,1997,10
TropicalCyclone_1994,,,Tropical Cyclone,,1994,,1997,10
TropicalCyclone_1993,,,Tropical Cyclone,,1993,,1997,10
TropicalCyclone_1992,,,Tropical Cyclone,,1992,,1997,10
TropicalCyclone_1991,,,Tropical Cyclone,,1991,,1997,10
TropicalCyclone_1990,,,Tropical Cyclone,,1990,,1997,10
TropicalCyclone_1989,,,Tropical Cyclone,,1989,,1997,10
TropicalCyclone_1988,,,Tropical Cyclone,,1988,,1997,10
TropicalCyclone_1987,,,Tropical Cyclone,,1987,,1997,10
TropicalCyclone_1986,,,Tropical Cyclone,,1986,,1997,10
TropicalCyclone_1985,,,Tropical Cyclone,,1985,,1997,10
TropicalCyclone_1984,,,Tropical Cyclone,,1984,,1997,10
TropicalCyclone_1983,,,Tropical Cyclone,,1983,,1997,10
TropicalCyclone_1982,,,Tropical Cyclone,,1982,,1997,10
TropicalCyclone_1981,,,Tropical Cyclone,,1981,,1997,10
TropicalCyclone_1980,,,Tropical Cyclone,,1980,,1997,10
TropicalCyclone_1979,,,Tropical Cyclone,,1979,,1997,10
TropicalCyclone_1978,,,Tropical Cyclone,,1978,,1997,10
TropicalCyclone_1977,,,Tropical Cyclone,,1977,,1997,10
TropicalCyclone_1976,,,Tropical Cyclone,,1976,,1997,10
TropicalCyclone_1976-05-19_TyphoonEndang,n/a,Typhoon Endang,Tropical Cyclone,,1976-05-19,1976-05-28,1997,10
TropicalCyclone_1976-06-22_TyphoonHuaning,Typhoon Ruby,Typhoon Huaning,Tropical Cyclone,,1976-06-22,1976-07-02,1997,10
TropicalCyclone_1976-08-08_TyphoonNitang,Typhoon Billie,Typhoon Nitang,Tropical Cyclone,,1976-08-08,1976-08-17,1997,10
TropicalCyclone_1976-09-13_TyphoonToyang,Typhoon Iris,Typhoon Toyang,Tropical Cyclone,,1976-09-13,1976-09-17,1997,10
TropicalCyclone_1976-12-02_TropicalStormAring,Severe Tropical Storm Nora,Tropical Storm Aring,Tropical Cyclone,Tropical Storm,1976-12-02,1976-12-07,1997,10
TropicalCyclone_1976-12-29_TropicalDepressionKayang,Tropical Depression Kayang,Tropical Depression Kayang,Tropical Cyclone,Tropical Depression,1976-12-29,1976-12-31,1997,10
TropicalCyclone_1975,,,Tropical Cyclone,,1975,,1997,10
TropicalCyclone_1975-01-22_TyphoonAuring,Typhoon Lola,Typhoon Auring,Tropical Cyclone,,1975-01-22,1975-01-26,1997,10
TropicalCyclone_1975-10-09_TyphoonMameng,Typhoon Elsie,Typhoon Mameng,Tropical Cyclone,,1975-10-09,1975-10-13,1997,10
TropicalCyclone_1974,,,Tropical Cyclone,,1974,,1997,10
TropicalCyclone_1974-01-08_TyphoonBising,Typhoon Dinah,Typhoon Bising,Tropical Cyclone,,1974-01-08,1974-01-11,1997,10
TropicalCyclone_1974-07-18_TyphoonIliang,Typhoon Ivy,Typhoon Iliang,Tropical Cyclone,,1974-07-18,1974-07-21,1997,10
TropicalCyclone_1974-10-08_TyphoonSusang,Typhoon Bess,Typhoon Susang,Tropical Cyclone,,1974-10-08,1974-10-12,1997,10
TropicalCyclone_1974-10-14_TyphoonTering,Typhoon Carmen,Typhoon Tering,Tropical Cyclone,,1974-10-14,1974-10-17,1997,10
TropicalCyclone_1974-10-25_TyphoonWening,Typhoon Elaine,Typhoon Wening,Tropical Cyclone,,1974-10-25,1974-10-26,1997,10
TropicalCyclone_1974-10-31_TyphoonYaning,Severe Tropical Storm Faye,Typhoon Yaning,Tropical Cyclone,,1974-10-31,1974-11-02,1997,10
TropicalCyclone_1974-11-04_TyphoonAning,Typhoon Gloria,Typhoon Aning,Tropical Cyclone,,1974-11-04,1974-11-07,1997,10
TropicalCyclone_1974-11-24_TyphoonBidang,Typhoon Irma,Typhoon Bidang,Tropical Cyclone,,1974-11-24,1974-11-29,1997,10
TropicalCyclone_1973,,,Tropical Cyclone,,1973,,1997,10
TropicalCyclone_1973-10-02,,,Tropical Cyclone,,1973-10-02,1973-10-09,1997,10
TropicalCyclone_1973-11-18,,,Tropical Cyclone,,1973-11-18,1973-11-24,1997,10
TropicalCyclone_1973-11-24,,,Tropical Cyclone,,1973-11-24,1973-11-29,1997,10
TropicalCyclone_1972,,,Tropical Cyclone,,1972,,1997,10
TropicalCyclone_1972-01-05_TropicalStormAsiang,Typhoon Kit,Tropical Storm Asiang,Tropical Cyclone,Tropical Storm,1972-01-05,1972-01-09,1997,10
TropicalCyclone_1972-01-23_TyphoonKonsing,Wrong date??,Typhoon Konsing,Tropical Cyclone,,1972-01-23,1972-01-25,1997,10
TropicalCyclone_1972-11-04_TyphoonToyang,Typhoon Pamela,Typhoon Toyang,Tropical Cyclone,,1972-11-04,1972-11-05,1997,10
TropicalCyclone_1972-12-01_TyphoonUndang,Typhoon Therese,Typhoon Undang,Tropical Cyclone,,1972-12-01,1972-12-08,1997,10
TropicalCyclone_1971,,,Tropical Cyclone,,1971,,1997,10
TropicalCyclone_1971-04-23_TyphoonDiding,Typhoon Wanda,Typhoon Diding,Tropical Cyclone,,1971-04-23,1971-04-26,1997,10
TropicalCyclone_1971-05-25_TyphoonHerming,Typhoon DInah,Typhoon Herming,Tropical Cyclone,,1971-05-25,1971-05-27,1997,10
TropicalCyclone_1971-06-23_TyphoonMambing,,Typhoon Mambing,Tropical Cyclone,,1971-06-23,1971-06-26,1997,10
TropicalCyclone_1971-10-06_TropicalStormKrising,Severe Tropical Storm Faye,Tropical Storm Krising,Tropical Cyclone,Tropical Storm,1971-10-06,1971-10-11,1997,10
TropicalCyclone_1971-10-11_TropicalStormDading,Severe Tropical Storm Gloria,Tropical Storm Dading,Tropical Cyclone,Tropical Storm,1971-10-11,1971-10-13,1997,10
TropicalCyclone_1971-10-19_TropicalStormGoying,Typhoon Hester,Tropical Storm Goying,Tropical Cyclone,Tropical Storm,1971-10-19,1971-10-22,1997,10
TropicalCyclone_1970,,,Tropical Cyclone,,1970,,1997,10
TropicalCyclone_1970-02-23_TyphoonAtang,Typhoon Nancy,Typhoon Atang,Tropical Cyclone,,1970-02-23,1970-02-27,1997,10
TropicalCyclone_1970-09-04_TropicalStormOyang,Severe Tropical Storm Fran,Tropical Storm Oyang,Tropical Cyclone,Tropical Storm,1970-09-04,1970-09-06,1997,10
TropicalCyclone_1970-09-08_TyphoonPitang,Typhoon Georgia,Typhoon Pitang,Tropical Cyclone,,1970-09-08,1970-09-12,1997,10
TropicalCyclone_1970-09-12_TyphoonSening,Typhoon Joan,Typhoon Sening,Tropical Cyclone,,1970-09-12,1970-09-15,1997,10
TropicalCyclone_1970-10-16_TropicalStormTitang,Typhoon Kate, Tropical Storm Titang,Tropical Cyclone,Tropical Storm,1970-10-16,1970-10-22,1997,10
TropicalCyclone_1970-11-17_TyphoonYoling,Typhoon Patsy,Typhoon Yoling,Tropical Cyclone,,1970-11-17,1970-11-20,1997,10
TropicalCyclone_1998-12-11_TyphoonNorming,Typhoon Faith,Typhoon Norming,Tropical Cyclone,,1998-12-11,1998-12-15,1997,10
TropicalCyclone_2000-11-29_TyphoonToyang,Tropical Storm Rumbia,Typhoon Toyang,Tropical Cyclone,,2000-11-29,2000-12-02,1997,10
TropicalCyclone_2002-06-28_SouthwestMonsoonRains,,Southwest Monsoon Rains (?),Tropical Cyclone,Southwest Monsoon Rains,2002-06-28,2002-07-14,1997,10
TropicalCyclone_2002-08-11_TropicalDepressionMilenyo,Tropical Depression 18W,Tropical Depression Milenyo,Tropical Cyclone,Tropical Depression,2002-08-11,2002-08-14,1997,10
Human-InducedHazard_2004-10-02_Fire,,,Human-Induced Hazard,Fire,2004-10-02,2004-10-28,1997,10
Human-InducedHazard_2004-10-28_Fire,,,Human-Induced Hazard,Fire,2004-10-28,,1997,10
Human-InducedHazard_2004-10-26_Fire,,,Human-Induced Hazard,Fire,2004-10-26,,1997,10
Human-InducedHazard_2004-10-25_Fire,,,Human-Induced Hazard,Fire,2004-10-25,,1997,10
Human-InducedHazard_2004-10-23_Fire,,,Human-Induced Hazard,Fire,2004-10-23,,1997,10
Human-InducedHazard_2004-10-19_Fire,,,Human-Induced Hazard,Fire,2004-10-19,,1997,10
Human-InducedHazard_2004-10-17_Fire,,,Human-Induced Hazard,Fire,2004-10-17,,1997,10
Human-InducedHazard_2004-10-14_Fire,,,Human-Induced Hazard,Fire,2004-10-14,,1997,10
Human-InducedHazard_2004-10-13_Fire,,,Human-Induced Hazard,Fire,2004-10-13,,1997,10
Human-InducedHazard_2004-10-11_Fire,,,Human-Induced Hazard,Fire,2004-10-11,,1997,10
Human-InducedHazard_2004-10-11_Fire,,,Human-Induced Hazard,Fire,2004-10-11,,1997,10
Human-InducedHazard_2004-10-07_Fire,,,Human-Induced Hazard,Fire,2004-10-07,,1997,10
Human-InducedHazard_2004-10-03_Fire,,,Human-Induced Hazard,Fire,2004-10-03,,1997,10
Human-InducedHazard_2004-10-10_VehicularAccidentsSummary,,,Human-Induced Hazard,Vehicular Accidents Summary,2004-10-10,2004-10-17,1997,10
Human-InducedHazard__Bus-TricycleCrash,,,Human-Induced Hazard,Bus - Tricycle Crash,,,1997,10
Human-InducedHazard__SeaMishap(FellOverboard),,,Human-Induced Hazard,Sea Mishap (Fell Overboard),,,1997,10
Human-InducedHazard__PlaneCrash,,,Human-Induced Hazard,Plane Crash,,,1997,10
TropicalCyclone_2004-10-24_TyphoonTonyo,Typhoon Nock-ten,Typhoon Tonyo,Tropical Cyclone,,2004-10-24,,1997,10
TropicalCyclone_2004-10-13_TyphoonSiony,Typhoon Tokage,Typhoon Siony,Tropical Cyclone,,2004-10-13,2004-10-23,1997,10
Tornado_10-18_Tornado,,,Tornado,,10-18,,1997,10
Flooding_10-15_FlashFlood,,,Flooding,Flash Flood,10-15,,1997,10
TropicalCyclone_2004-10-05_TyphoonRolly,Typhoon Ma-on,Typhoon Rolly,Tropical Cyclone,,2004-10-05,2004-10-08,1997,10
MassMovement_2004-10-09_BoulderFall,,,Mass Movement,Boulder Fall,2004-10-09,,1997,10
Earthquake_2004-10-26_,,,Earthquake,,2004-10-26,,1997,10
Earthquake_2004-10-11_,,,Earthquake,,2004-10-11,,1997,10
Earthquake_2004-10-11_,,,Earthquake,,2004-10-11,,1997,10
Earthquake_2004-10-08_,,,Earthquake,,2004-10-08,,1997,10
VolcanicHazard_2004-10-28_TaalVolcanoActivity,,,Volcanic Hazard,Taal Volcano Activity,2004-10-28,,1997,10
Human-InducedHazard_2004-12_,,,Human-Induced Hazard,,2004-12,2005-01,1997,10
Human-InducedHazard__ArmedConflictInMaguindanao,,,Human-Induced Hazard,Armed Conflict in Maguindanao,,,1997,10
Human-InducedHazard__ArmedConflictInSultanKudarat,,,Human-Induced Hazard,Armed Conflict in Sultan Kudarat,,,1997,10
Human-InducedHazard_2005-01-16_ShootingIncident,,,Human-Induced Hazard,Shooting Incident,2005-01-16,,1997,10
Human-InducedHazard_2005-01-05_FireIncidentSummary,,,Fire,Fire Incident Summary,2005-01-05,2005-01-29,1997,10
Human-InducedHazard_2005-01-29_Fire,,,Fire,,2005-01-29,,1997,10
Human-InducedHazard_2005-01-27_Fire,,,Fire,,2005-01-27,,1997,10
Human-InducedHazard_2005-01-25_Fire,,,Fire,,2005-01-25,,1997,10
Human-InducedHazard_2005-01-22_Fire,,,Fire,,2005-01-22,,1997,10
Human-InducedHazard_2005-01-22_Fire,,,Fire,,2005-01-22,,1997,10
Human-InducedHazard_2005-01-22_Fire,,,Fire,,2005-01-22,,1997,10
Human-InducedHazard_2005-01-21_Fire,,,Fire,,2005-01-21,,1997,10
Human-InducedHazard_2005-01-21_Fire,,,Fire,,2005-01-21,,1997,10
Human-InducedHazard_2005-01-18_Fire,,,Fire,,2005-01-18,,1997,10
Human-InducedHazard_2005-01-15_Fire,,,Fire,,2005-01-15,,1997,10
Human-InducedHazard_2005-01-05_Fire,,,Fire,,2005-01-05,,1997,10
Human-InducedHazard_2005-01-16_VehicularAccidentsSummary,,,Human-Induced Hazard,Vehicular Accidents Summary,2005-01-16,1/29/2005,1997,10
Human-InducedHazard_2005-01-16_PlaneCrash,,,Human-Induced Hazard,Plane Crash,2005-01-16,,1997,10
Human-InducedHazard_2005-01-29_SeaMishap(ShipSunk),,,Human-Induced Hazard,Sea Mishap (Ship Sunk),2005-01-29,,1997,10
Human-InducedHazard_2005-01-22_BusCrash,,,Human-Induced Hazard,Bus Crash,2005-01-22,,2005,01
Flooding_2005-01-18_FlashFlood,,,Flooding,Flash Flood,2005-01-18,2005-01-22,2005,01
Flooding_2005-01-18_FlashFlood,,,Flooding,Flash Flood,2005-01-18,,2005,01
Flooding_2005-01-22_FlashFlood,,,Flooding,Flash Flood,2005-01-22,2005-01-24,2005,01
BigWaves_2005-01-02_,,,Big Waves,,2005-01-02,,2005,01
Mass Movement_2006-02-17_Mass Movement,,,Mass Movement,,2006-02-17,,2006,02
Human-InducedHazard_2006-08-11_M/TSolar1OilSpillageGuimaras,,"M/T Solar 1 Oil Spillage, Guimaras",Human-Induced Hazard,,2006-08-11,,2006,08
Human-InducedHazard_2008-08-10_IDPsinMindanao,,IDPs in Mindanao,Human-Induced Hazard,,2008-08-10,2009-07-14,2008,08
Human-InducedHazard_2007-11-20_ArmedConflictinSurigaoProvince,,Armed Conflict in Surigao Province,Human-Induced Hazard,Armed Conflict,2007-11-20,2007-12-16,2007,11
"Human-InducedHazard_2004-12-14_DisplacementinPalimbang,SultanKudaratProvince,RegionXII",,"Displacement in Palimbang, Sultan Kudarat Province, Region XII",Human-Induced Hazard,Displacement,2004-12-14,,2004,12
"Flooding_2006-02-06_FloodingBroughtAboutbyNortheastMonsoonRainsinRegionV,XI,andCARAGA",,"Flooding Brought About by Northeast Monsoon Rains in Region V, XI, and CARAGA",Flooding,,2006-02-06,,2006,02
ArmedConflict_2005-02-18_SuluArmedConflict,,Sulu Armed Conflict,Human-Induced Hazard,Armed Conflict,2005-02-18,,2005,02
VolcanicHazard_2005-04-07_VolcanoesMonitoringActivity:KanlaonVolcano,,Volcanoes Monitoring Activity: Kanlaon Volcano,Volcanic Hazard,,2005-04-07,,2005,04
VolcanicHazard_2005-04-07_VolcanoesMonitoringActivity:TaalVolcano,,Volcanoes Monitoring Activity: Taal Volcano,Volcanic Hazard,,2005-04-07,,2005,04
VolcanicHazard_2005-04-07_VolcanoesMonitoringActivity:MayonVolcano,,Volcanoes Monitoring Activity: Mayon Volcano,Volcanic Hazard,,2005-04-07,,2005,04
others_2005-03-22_ReportontheMissingFishermen,,,Others,Report on the Missing Fishermen,2005-03-22,,2005,03
Human-InducedHazard_2005-07-07_MaritimeIncidentInvolvingMVPrincessoftheWorldofSulpicioShippingLinesInc.,,Maritime Incident Involving MV Princess of the World of Sulpicio Shipping Lines Inc.,Human-Induced Hazard,,2005-07-07,,2005,07
Mass Movement_2005-07-11_Mass MovementinJagnaBohol,,"Mass Movement in Jagna, Bohol",Mass Movement,,2005-07-11,,2005,07
"Tornado_2005-07-23_TornadoIncidentinBarangayLitayen,BongoIsland,Parang,Maguindanao",,"Tornado Incident in Barangay Litayen, Bongo Island, Parang, Maguindanao",Tornado,,2005-07-23,,2005,07
TropicalCyclone_2005-07-06_TropicalDepressionEmong,,Tropical Depression Emong,Tropical Cyclone,Tropical Depression,2005-07-06,,2005,07
Epidemic_2004-07-07_AcuteGastroenteritis(AGE)Outbreak,,Acute Gastroenteritis (AGE) Outbreak,Epidemic,Epidemic,2004-07-07,2004-07-30,2004,07
Epidemic_2004-07-01_DenguecasesinNuevaEcija,,Dengue cases in Nueva Ecija,Epidemic,Dengue,2004-07-01,2004-07-26,2004,07
Human-InducedHazard_2004-07-26_LPGExplosioninamotorizedbanca,,LPG Explosion in a motorized banca,Human-Induced Hazard,,2004-07-26,,2004,07
Human-InducedHazard_2004-07-23_EightStoreyBuilding(SAIBldg),,Eight Storey Building (SAI Bldg),Human-Induced Hazard,,2004-07-23,,2004,07
Human-InducedHazard_2004-07-10_,,,Human-Induced Hazard,,2004-07-10,,2004,07
Human-InducedHazard_2004-07-11_,,,Human-Induced Hazard,,2004-07-11,,2004,07
Human-InducedHazard_2004-07-18_,,,Human-Induced Hazard,,2004-07-18,,2004,07
Human-InducedHazard_2004-07-21_,,,Human-Induced Hazard,,2004-07-21,,2004,07
Human-InducedHazard_2004-07-23_,,,Human-Induced Hazard,,2004-07-23,,2004,07
Human-InducedHazard_2004-07-24_,,,Human-Induced Hazard,,2004-07-24,,2004,07
Human-InducedHazard_2004-07-26_,,,Human-Induced Hazard,,2004-07-26,,2004,07
Human-InducedHazard_2004-07-29_,,,Human-Induced Hazard,,2004-07-29,,2004,07
"Mass Movement_2004-07-10_Mass MovementatAtok,Benguet",,"Mass Movement at Atok, Benguet",Mass Movement,,2004-07-10,,2004,07
"Mass Movement_2004-07-25_Mass MovementatQuezon,Bukidnon",,"Mass Movement at Quezon, Bukidnon",Mass Movement,,2004-07-25,,2004,07
Flooding_2004-07-12_FlashfloodIncidentsbroughtaboutbytheeffectsofTyphoonIgme,,Flashflood Incidents brought about by the effects of Typhoon Igme,Flooding,Flash Flood,2004-07-12,,2004,07
"Flooding__FlashfloodinMabalacat,Pampaga",,"Flashflood in Mabalacat, Pampaga",Flooding,Flash Flood,,,,
"Flooding__FloodinginTupi,SouthCotabato",,"Flooding in Tupi, South Cotabato",Flooding,,,,,
"Tornado__TornadoatBrgy.Buras,TacurongCity",,"Tornado at Brgy. Buras, Tacurong City",Tornado,,,,,
"Tornado_2004-07-21_TornadoatBrgy.Luna,Apayao",,"Tornado at Brgy. Luna, Apayao",Tornado,,2004-07-21,,2004,07
"Tornado_2004-07-29_TornadaoatAnao,Tarlac",,"Tornadao at Anao, Tarlac",Tornado,,2004-07-29,,2004,07
"Earthquake__EarthquakeatBasco,Batanes",,"Earthquake at Basco, Batanes",Earthquake,,,,,
TropicalCyclone_2004-07-14_TropicalStormJulian,Tropical Storm Kompasu,Tropical Storm Julian,Tropical Cyclone,Weather Disturbance,2004-07-14,2004-07-15,2004,07
TropicalCyclone_2005-03-14_TyphoonAuring,Severe Tropical Storm Roke,Typhoon Auring,Tropical Cyclone,,2005-03-14,2005-03-18,2005,03
TropicalCyclone_2005-08-02_TyphoonFeria,Typhoon Haitang,Typhoon Feria,Tropical Cyclone,,2005-08-02,2005-08-05,2005,08
TropicalCyclone_2005-09-21_TropicalStormLabuyo,Typhoon Damrey,Tropical Storm Labuyo,Tropical Cyclone,,2005-09-21,2005-09-23,2005,09
TropicalCyclone_2005-12-16_TropicalDepressionQuedan,Tropical Depression 25W,Tropical Depression Quedan,Tropical Cyclone,,2005-12-16,2005-12-18,2005,12
TropicalCyclone_2003-07-30_TropicalDepressionIneng,n/a,Tropical Depression Ineng,Tropical Cyclone,Tropical Depression,2003-07-30,2003-07-31,2003,07
TropicalCyclone_2003-09-02_TyphoonOnyok,Typhoon Dujuan,Typhoon Onyok,Tropical Cyclone,Typhoon,2003-09-02,2003-09-03,2003,09
TropicalCyclone_2003-10-29_TropicalDepressionUrsula,Tropical Depression 22W,Tropical Depression Ursula,Tropical Cyclone,Tropical Depression,2003-10-29,,2003,10
TropicalCyclone_2003-11-27_TyphoonAlertYoyoy,Typhoon Lupit,Typhoon Alert Yoyoy,Tropical Cyclone,Typhoon Alert,2003-11-27,2003-11-30,2003,11
TropicalCyclone_2003-11-02_TropicalStormViring,Severe Tropical Storm Melor,Tropical Storm Viring,Tropical Cyclone,Tropical Storm,2003-11-02,2003-11-03,2003,11
TropicalCyclone_2003-12-25_TropicalDepressionZigzag,Tropical Depression 27W,Tropical Depression Zigzag,Tropical Cyclone,Tropical Depression,2003-12-25,2003-12-28,2003,12
TropicalCyclone_2004-11-14_TyphoonUnding,Typhoon Muifa,Typhoon Unding,Tropical Cyclone,Typhoon,2004-11-14,2004-11-21,2004,11
TropicalCyclone_2004-11-22_TropicalStormVioleta,Tropical Storm Merbok,Tropical Storm Violeta,Tropical Cyclone,Tropical Storm,2004-11-22,2004-11-26,2004,11
TropicalCyclone_2004-11-28_TropicalDepressionWinnie,Tropical Depression Winnie,Tropical Depression Winnie,Tropical Cyclone,Tropical Depression,2004-11-28,2004-11-30,2004,11
TropicalCyclone_2004-11-30_TyphoonYoyong,Typhoon Nanmadol,Typhoon Yoyong,Tropical Cyclone,Typhoon,2004-11-30,2004-12-03,2004,11
TropicalCyclone_2004-08-24_TyphoonMarce,Typhoon Aere,Typhoon Marce,Tropical Cyclone,Tropical Cyclone,2004-08-24,,2004,08
Human-InducedHazard_1996-03-19_OzoneDiscoHouseFireIncident,,Ozone Disco House Fire Incident,Human-Induced Hazard,,1996-03-19,,1996,03
Human-InducedHazard_1998-05-16_LungCenterofthePhilippinesFireIncident,,Lung Center of the Philippines Fire Incident,Human-Induced Hazard,,1998-05,,1998,05
Human-InducedHazard_2002-04-11_MVCarmelaVesselFireIncident,,MV Carmela Vessel Fire Incident,Human-Induced Hazard,,2002-04-11,,2002,04
Human-InducedHazard_2002-03-30_BasecoCompoundFireIncident,,Baseco Compound Fire Incident,Human-Induced Hazard,,2002-03-30,,2002,03
Human-InducedHazard_2003-03-06_BasecoCompoundFireIncident,,Baseco Compound Fire Incident,Human-Induced Hazard,,2003-03-06,,2003,03
Human-InducedHazard_2004-01-11_BasecoCompoundFireIncident,,Baseco Compound Fire Incident,Human-Induced Hazard,,2004-01-11,,2004,01
"Human-InducedHazard_2002-03-30_FireIncidentatBasecoCompound,NorthHarbor,BagongLupa,Tondo,Manila",,"Fire Incident at Baseco Compound, North Harbor, Bagong Lupa, Tondo, Manila",Human-Induced Hazard,Fire,2002-03-30,,2002,03
"Flooding_2002-01-02_Flooding,BigWaves,andMassMovementWhichOccurredinMindanao",,"Flooding, Big Waves, and Mass Movement Which Occurred in Mindanao",Flooding,,2002-01-02,,2002,01
Human-InducedHazard_2002-02-27_ArmedConflictIncidentsinMaguindanaoProvince,,Armed Conflict Incidents in Maguindanao Province,Human-Induced Hazard,Armed Conflict,2002-02-27,,2002,02
Others_2003-03-19_GasPoisoninginQuezonCity,,Gas Poisoning in Quezon City,Others,Gas Poisoning,2003-03-19,,2003,03
Others_2002-05-21_LuzonWidePowerBlackout,,Luzon Wide Power Blackout,Others,Power Interruption,2002-05-21,,2002,05
OtherWeatherDisturbances_2002-05-29_LightningIncidentinLibacaoAklan,,Lightning Incident in Libacao Aklan,Other Weather Disturbances,Lightning Incident,2002-05-29,,2002,05
"Human-Induced_2002-05-29_FireIncidentatBrgy.KampurhanIsabela,City,Basilan",,"Fire Incident at Brgy. Kampurhan Isabela, City, Basilan",Human-Induced Hazard,Fire ,2002-05-29,,2002,05
"Mass Movement_2002-09-10_Mass MovementIncidentinMonkayo,CompostelaValley",,"Mass Movement Incident in Monkayo, Compostela Valley ",Mass Movement,Mass Movement,2002-09-10,,2002,09
Human-InducedHazard_2002-09-07_CivilDisturbanceduetoMilitaryOperationsinSouthCotabato,,Civil Disturbance due to Military Operations in South Cotabato,Human-Induced Hazard,Civil Disturbance,2002-09-07,,2002,09
"Human-Induced_as of October 10, 2002 21:00H_BombingIncidentatKidapawanCity",,Bombing Incident at Kidapawan City,Human-Induced Hazard,Bombing,2002-10-10,,2002,10
"Human-Induced_as of October 17, 2002 5:00PM_BombingIncidentsinZamboangaCity",,Bombing Incidents in Zamboanga City,Human-Induced Hazard,Bombing,2002-10-17,,2002,10
"Human-InducedHazard_2002-10-14_VehicularAccidentinUpi,Maguindanao,Buguias,BenguetandIlagan,Isabela",,"Vehicular Accident in Upi, Maguindanao, Buguias, Benguet and Ilagan, Isabela",Human-Induced Hazard,Vehicular Accident,2002-10-14,,2002,10
"Human-InducedHazard_2002-10-12_ArmedConflictBetweentheAFPandMILFinSultanGumanderLanao,DelSur",,"Armed Conflict Between the AFP and MILF in Sultan Gumander Lanao, Del Sur",Human-Induced Hazard,Armed Conflict,2002-10-12,,2002,10
Human-InducedHazard_2002-10-03_BusofUnileverPhilippines,,Bus of Unilever Philippines,Human-Induced Hazard,Vehicular Accident,2002-10-03,,2002,10
Human-InducedHazard_2002-10-02_GrenadeorBombExplosion,,Grenade or Bomb Explosion,Human-Induced Hazard,Bomb Explosion,2002-10-02,,2002,10
"Human-InducedHazard_2002-11-26_VehicularAccidentinTuba,Benguet",,"Vehicular Accident in Tuba, Benguet",Human-Induced Hazard,Vehicular Accident,2002-11-26,,2002,11
"Human-InducedHazard_2002-11-26_ConstructionIncidentinCalauag,Quezon",,"Construction Incident in Calauag, Quezon",Human-Induced Hazard,Construction Indicent,2002-11-26,,2002,11
"Human-InducedHazard_2002-11-24_VehicularAccidentatTagkawayan,Quezon",,"Vehicular Accident at Tagkawayan, Quezon",Human-Induced Hazard,Vehicular Accident,2002-11-24,,2002,11
"Infestation_asofNovember22,2002_MalayanRiceBlackBugInfestationinRegionVIII",,Malayan Rice Black Bug Infestation in Region VIII,Infestation,,2002-11-22,,2002,11
"Human-InducedHazard_2002-11-09_CapsizedBancasinDilasag,Aurora",,"Capsized Bancas in Dilasag, Aurora",Human-Induced Hazard,Vehicular Accident,2002-11-09,,2002,11
Human-InducedHazard_2002-11_CrashLandingofLaoagInternationalAirFlightL-7-585,,Crash Landing of Laoag International Air Flight L-7-585,Human-Induced Hazard,Vehicular Accident,2002-11,,2002,11
Human-InducedHazard_2002-12-12_PlaneCrashinSto.TomasBatangas,,Plane Crash in Sto. Tomas Batangas,Human-Induced Hazard,Vehicular Accident,2002-12-12,,2002,12
Human-InducedHazard_2002-12-17_PAFN22NomadPlaneAccident,,PAF N22 Nomad Plane Accident,Human-Induced Hazard,Vehicular Accident,2002-12-17,,2002,12
"TropicalCyclone_as of July 25, 2002_TyphoonJuanandKaka",,Typhoon Juan and Kaka,Tropical Cyclone,Typhoon,2002-07-25,,2002,07
"Human-InducedHazard_2006-11-01_ChemicalSpill/LeakSta.RosaUno,Marilao,Bulacan",,"Chemical Spill/ Leak Sta. Rosa Uno, Marilao, Bulacan ",Human-Induced Hazard,Oil/Chemical Spillage,2006-11-01,,2006,11
Human-InducedHazard_2006-08-11_Mt.SolarIOilSpillageGuimarasProvince,,Mt. Solar I Oil Spillage Guimaras Province,Human-Induced Hazard,Oil Spillage,2006-08-11,,2006,08
"Human-InducedHazard_2005-12-18_OilSpillageinNortheastofSemiraraIsland,Caluya,Antique",,"Oil Spillage in Northeast of Semirara Island, Caluya, Antique",Human-Induced Hazard,Oil Splillage ,2005-12-18,,2005,12
Human-InducedHazard_2001-06-21_CarmonaOilSpil,,Carmona Oil Spil,Human-Induced Hazard,Oil Spillage,2001-06-21,,2001,06
TropicalCyclone_1998-09-15_TyphoonEmangandTropicalStormGading,,Typhoon Emang and Tropical Storm Gading,Tropical Cyclone,Typhoon,1998-09-15,1998-09-20,1998,09
Human-InducedHazard_1998-09-18_MVPrincessoftheOrientTragedy,,MV Princess of the Orient Tragedy,Human-Induced Hazard,Vehicular Accident,1998-09-18,,1998,09
TropicalCyclone_1998-10-14_TyphoonIliang,Typhoon Zeb,Typhoon Iliang ,Tropical Cyclone,Typhoon,1998-10-14,,1998,10
TropicalCyclone_2009-04-30_TropicalDepressionCrising,,Tropical Depression Crising ,Tropical Cyclone,Tropical Depression,2009-04-30,2009-05-02,2009,04
TropicalCyclone_2009-05-01_TyphoonDante,Typhoon Kujira,Typhoon Dante,Tropical Cyclone,Typhoon,2009-05-01,2009-05-05,2009,05
TropicalCyclone_2009-05-06_TyphoonEmong,Typhoon Chan-hom,Typhoon Emong,Tropical Cyclone,Typhoon,2009-05-06,2009-05-10,2009,05
TropicalCyclone_2009-06-23_TyphoonFeria,Tropical Storm Nangka,Typhoon Feria,Tropical Cyclone,Typhoon ,2009-06-23,2009-06-26,2009,06
TropicalCyclone_2009-07-09_TropicalDepressionGorio,Tropical Storm Soudelor,Tropical Depression Gorio,Tropical Cyclone,Typhoon,2009-07-09,2009-07-10,2009,07
TropicalCyclone_2009-07-14_TyphoonIsang,Typhoon Molave,Typhoon Isang,Tropical Cyclone,Typhoon,2009-07-14,2009-07-28,2009,07
TropicalCyclone_2009-07-30_TyphoonJolina,Tropical Storm Goni,Typhoon Jolina,Tropical Cyclone,Typhoon,2009-07-30,2009-08-02,2009,07
TropicalCyclone_2009-08-03_TyphoonKiko,Typhoon Morakot,Typhoon Kiko,Tropical Cyclone,Typhoon,2009-08-03,2009-08-07,2009,08
TropicalCyclone_2009-09-02_TyphoonLabuyo,Severe Tropical Storm Dujuan,Typhoon Labuyo,Tropical Cyclone,Typhoon,2009-09-02,2009-09-05,2009,09
TropicalCyclone_2009-09-08_TropicalDepressionMaring,Tropical Storm Mujigae,Tropical Depression Maring,Tropical Cyclone,Typhoon ,2009-09-08,2009-09-09,2009,09
TropicalCyclone_2009-09-12_TropicalDepressionNando,Typhoon Koppu,Tropical Depression Nando,Tropical Cyclone,Tropical Depression,2009-09-12,2009-09-13,2009,09
TropicalCyclone_2004-11-28_TropicalDepressionVioleta,Tropical Storm Merbok,Tropical Depression Violeta,Tropical Cyclone,Tropical Depression,2004-11-28,,2004,11
TropicalCyclone_1998-10-15_TyphoonLoleng,,Typhoon Loleng,Tropical Cyclone,Typhoon,1998-10-15,1998-10-25,1998,10
TropicalCyclone_1995-10-15_TyphoonLoleng,n/a??,Typhoon Loleng,Tropical Cyclone,Typhoon,1995-10-15,1995-10-25,1995,10
TropicalCyclone_1999-11-07_TyphoonSendang,Tropical Depression Frankie,Typhoon Sendang,Tropical Cyclone,Typhoon,1999-11-07,,1999,11
TropicalCyclone_1999-10-15_TyphoonRening,Tropical Storm Eve, Typhoon Rening,Tropical Cyclone,Typhoon,1999-10-15,,1999,10
TropicalCyclone_1999-10-11_TyphoonPepang,Typhoon Dan,Typhoon Pepang ,Tropical Cyclone,Typhoon ,1999-10-11,,1999,10
"TropicalCyclone_as of September 13, 1999_TyphoonNeneng",Severe Tropical Storm York, Typhoon Neneng,Tropical Cyclone,Typhoon,1999-09-13,,1999,09
TropicalCyclone_1999-08-20_TropicalStormLuding,,Tropical Storm Luding,Tropical Cyclone,Tropical Storm,1999-08-22,,1999,08
TropicalCyclone_1999-09_TyphoonIsing,,Typhoon Ising ,Tropical Cyclone,Typhoon Ising ,1999-09,,1999,09
TropicalCyclone_1999-07-25_TyphoonHelming,Severe Tropical Storm Neil,Typhoon Helming,Tropical Cyclone,Typhoon,1999-07-25,,1999,07
TropicalCyclone_1963-07-01_TyphoonEtangandTropicalDepressionGening,Tropical Storm Virginia,Typhoon Etang and Tropical Depression Gening,Tropical Cyclone,Typhoon,1963-07-1,1963-07-13,1963,07
TropicalCyclone_2013-08-25_TropicalStormNando,Tropical Storm Kong Rey,Tropical Storm Nando,Tropical Cyclone,Tropical storm,2013-08-25,2013-08-29,2013,08
TropicalCyclone_2013-11-06_TyphoonYolanda,Typhoon Haiyan,Typhoon Yolanda,Tropical Cyclone,Typhoon,2013-11-06,2013-11-09,2013,11
TropicalCyclone_2013-10-29_TyphoonVinta,Typhoon Krosa,Typhoon Vinta,Tropical Cyclone,Typhoon,2013-10-29,2013-11-01,2013,10
TropicalCyclone_2013-09-16_TyphoonOdette,Typhoon Usagi,Typhoon Odette,Tropical Cyclone,Typhoon,2013-09-16,2013-09-22,2013,09
TropicalCyclone_2013-01-03_TyphoonAuring,Typhoon Auring Sonamu,Typhoon Auring,Tropical Cyclone,Typhoon,2013-01-03,2013-01-04,2013,01
TropicalCyclone_2013-01-11_TyphoonBising,Tropical Depression Bising,Typhoon Bising,Tropical Cyclone,Typhoon,2013-01-11,2013-01-13,2013,01
TropicalCyclone_2013-02-18_TyphoonCrising,Tropical Storm Shanshan,Typhoon Crising,Tropical Cyclone,Typhoon,2013-02-18,2013-02-21,2013,02
TropicalCyclone_2013-06-20_TyphoonFabian,Tropical Storm Bebinca,Typhoon Fabian,Tropical Cyclone,Typhoon,2013-06-20,2013-06-21,2013,06
TropicalCyclone_2013-06-27_TyphoonRumbia,Severe Tropical Storm Rumbia,Severe Tropical Storm Gorio,Tropical Cyclone,Typhoon,2013-06-27,2013-07-01,2013,06
TropicalCyclone_2013-08-09_TyphoonLabuyo,Typhoon Utor,Typhoon Labuyo,Tropical Cyclone,Typhoon,2013-08-09,2013-08-12,2013,08
TropicalCyclone_2013-08-17_TyphoonMaring,Typhoon Trami,Typhoon Maring,Tropical Cyclone,Typhoon,2013-08-17,2013-08-21,2013,08
TropicalCyclone_2013-09-26_TyphoonPaolo,Typhoon Wutip,Typhoon Paolo,Tropical Cyclone,Typhoon,2013-09-26,2013-09-27,2013,09
TropicalCyclone_2013-10-08_TyphoonSanti,Typhoon Nari,Typhoon Santi,Tropical Cyclone,Typhoon,2013-10-08,2013-10-13,2013,10
TropicalCyclone_2014-01-17_TyphoonAgaton,Tropical Storm Lingling,Typhoon Agaton,Tropical Cyclone,Typhoon,2014-01-17,2014-01-20,2014,01
TropicalCyclone_2014-01-30_TyphoonBasyang,Typhoon Kajiki,Typhoon Basyang,Tropical Cyclone,Typhoon,2014-01-30,2014-02-01,2014,01
TropicalCyclone_2014-03-21_TyphoonCaloy,Tropical Depression 04W,Typhoon Caloy,Tropical Cyclone,Typhoon,2014-03-21,2014-03-22,2014,03
TropicalCyclone_2014-07-13_TyphoonGlenda,Typhoon Rammasun,Typhoon Glenda,Tropical Cyclone,Typhoon,2014-07-13,2014-07-17,2014,07
TropicalCyclone_2014-07-18_TyphoonHenry,Typhoon Matmo,Typhoon Henry,Tropical Cyclone,Typhoon,2014-07-18,2014-07-23,2014,07
TropicalCyclone_2014-08-02_TyphoonJose,Typhoon Halong,Typhoon Jose,Tropical Cyclone,Typhoon,2014-08-02,2014-08-07,2014,08
TropicalCyclone_2014-09-12_TyphoonLuis,Typhoon Kalmaegi,Typhoon Luis,Tropical Cyclone,Typhoon,2014-09-12,2014-09-15,2014,09
TropicalCyclone_2014-09-17_TyphoonMario,Typhoon Fung-Wong,Typhoon Mario,Tropical Cyclone,Typhoon,2014-09-17,2014-09-21,2014,09
TropicalCyclone_2014-11-26_TyphoonQueenie,Typhoon Sinlaku,Typhoon Queenie,Tropical Cyclone,Typhoon,2014-11-26,2014-11-28,2014,11
TropicalCyclone_2014-12-03_TyphoonRuby,Typhoon Hagupit,Typhoon Ruby,Tropical Cyclone,Typhoon,2014-12-03,2014-12-10,2014,12
TropicalCyclone_2014-12-28_TyphoonSeniang,Tropical Storm Jangmi,Typhoon Seniang,Tropical Cyclone,Typhoon,2014-12-28,2014-12-31,2014,12
TropicalCyclone_2015-01-15_TyphoonAmang,Typhoon Mekkhala,Typhoon Amang,Tropical Cyclone,Typhoon,2015-01-15,2015-01-19,2015,01
TropicalCyclone_2015-04-01_TyphoonChedeng,Typhoon Maysak,Typhoon Chedeng,Tropical Cyclone,Typhoon,2015-04-01,2015-04-05,2015,04
TropicalCyclone_2015-05-07_TyphoonDodong,Typhoon Noul,Typhoon Dodong,Tropical Cyclone,Typhoon,2015-05-07,2015-05-12,2015,05
TropicalCyclone_2015-07-02_TyphoonEgay,Typhoon Linfa,Typhoon Egay,Tropical Cyclone,Typhoon,2015-07-02,2015-07-07,2015,07
TropicalCyclone_2015-08-05_TyphoonHanna,Typhoon Soudelor,Typhoon Hanna,Tropical Cyclone,Typhoon,2015-08-05,2015-08-08,2015,08
TropicalCyclone_2015-08-18_TyphoonIneng,Typhoon Goni,Typhoon Ineng,Tropical Cyclone,Typhoon,2015-08-18,2015-08-23,2015,08
TropicalCyclone_2015-09-23_TyphoonJenny,Typhoon Dujuan,Typhoon Jenny,Tropical Cyclone,Typhoon,2015-09-23,2015-09-29,2015,09
TropicalCyclone_2015-10-01_TyphoonKabayan,Typhoon Mujigae,Typhoon Kabayan,Tropical Cyclone,Typhoon,2015-10-01,2015-10-03,2015,10
TropicalCyclone_2015-10_TyphoonLando,Typhoon Lando Koppu,Typhoon Lando,Tropical Cyclone,Typhoon,2015-10,2015-10,2015,10
TropicalCyclone_2015-12-12_TyphoonNona,Typhoon Melor,Typhoon Nona,Tropical Cyclone,Typhoon,2015-12-12,2015-12-13,2015,12
TropicalCyclone_2015-12-16_TyphoonOnyok,n/a,Typhoon Onyok,Tropical Cyclone,Typhoon,2015-12-16,2015-12-18,2015,12
TropicalCyclone_2016-07-05_TyphoonButchoy,Typhoon Nepartak,Typhoon Butchoy,Tropical Cyclone,Typhoon,2016-07-05,2016-07-08,2016,07
TropicalCyclone_2016-07-29_TyphoonCarina,Typhoon Nida,Typhoon Carina,Tropical Cyclone,Typhoon,2016-07-29,2016-08-01,2016,07
TropicalCyclone_2016-09-11_TyphoonFerdie,Typhoon Meranti,Typhoon Ferdie,Tropical Cyclone,Typhoon,2016-09-11,2016-09-14,2016,09
TropicalCyclone_2016-09-24_TyphoonHelen,Typhoon Helen Megi,Typhoon Helen,Tropical Cyclone,Typhoon,2016-09-24,2016-09-28,2016,09
TropicalCyclone_2016-10-13_TyphoonKaren,Typhoon Sarika,Typhoon Karen,Tropical Cyclone,Typhoon,2016-10-13,2016-10-17,2016,10
TropicalCyclone_2016-10-17_TyphoonLawin,Typhoon Haima,Typhoon Lawin,Tropical Cyclone,Typhoon,2016-10-17,2016-10-20,2016,10
TropicalCyclone_2016-11-23_TyphoonMarce,Typhoon Marce Tokage,Typhoon Marce,Tropical Cyclone,Typhoon,2016-11-23,2016-11-28,2016,11
TropicalCyclone_2016-12-23_TyphoonNina,Typhoon Nock-Ten,Typhoon Nina,Tropical Cyclone,Typhoon,2016-12-23,2016-12-27,2016,12
TropicalCyclone_2017-01-07_TyphoonAuring,Tropical Depression 01W,Typhoon Auring,Tropical Cyclone,Typhoon,2017-01-07,2017-01-09,2017,01
TropicalCyclone_2017-02-03_TyphoonBising,Tropical Depression Bising,Typhoon Bising,Tropical Cyclone,Typhoon,2017-02-03,2017-02-06,2017,02
TropicalCyclone_2017-04-14_TyphoonCrising,Tropical Depression 02W,Typhoon Crising,Tropical Cyclone,Typhoon,2017-04-14,2017-04-15,2017,04
TropicalCyclone_2017-07-25_TyphoonGorio,Typhoon Nesat,Typhoon Gorio,Tropical Cyclone,Typhoon,2017-07-25,2017-07-30,2017,07
TropicalCyclone_2017-08-24_TyphoonJolina,Severe Tropical Storm Pakhar,Typhoon Jolina,Tropical Cyclone,Typhoon,2017-08-24,2017-08-26,2017,08
TropicalCyclone_2017-09-11_TyphoonLannieandMaring,Typhoon Talim and Typhoon Doksuri,Typhoon Lannie and Maring,Tropical Cyclone,Typhoon,2017-09-11,2017-09-13,2017,09
TropicalCyclone_2017-10-11_TyphoonOdette,Typhoon Khanun,Typhoon Odette,Tropical Cyclone,Typhoon,2017-10-11,2017-10-14,2017,10
TropicalCyclone_2017-10-16_TyphoonPaolo,Typhoon Lan,Typhoon Paolo,Tropical Cyclone,Typhoon,2017-10-16,2017-10-22,2017,10
TropicalCyclone_2017-11-01_TyphoonRamil,Typhoon Damrey,Typhoon Ramil,Tropical Cyclone,Typhoon,2017-11-01,2017-11-03,2017,11
TropicalCyclone_2017-11-09_TyphoonSalome,Tropical Storm Haikui,Typhoon Salome,Tropical Cyclone,Typhoon,2017-11-09,2017-11-11,2017,11
TropicalCyclone_2017-11-17_TyphoonTino,Tropical Storm Kirogi,Typhoon Tino,Tropical Cyclone,Typhoon,2017-11-17,2017-11-18,2017,11
TropicalCyclone_2017-12-12_TyphoonUrduja,Tropical Storm Kai-tak,Typhoon Urduja,Tropical Cyclone,Typhoon,2017-12-12,2017-12-19,2017,12
TropicalCyclone_2017-12-20_TyphoonVinta,Typhoon Tembin,Typhoon Vinta,Tropical Cyclone,Typhoon,2017-12-20,2017-12-24,2017,12