disaster_id,name_int,name_local,type,subtype,date_start,date_end,year,month,psgc,ph_psgc,municity,affected_families,affected_persons,dead,injured,missing,damaged_houses_full,damaged_houses_partial,damaged_properties_agri,damaged_properties_infra,damaged_properties_private,damage_total
TropicalCyclone_1997-08-18_TyphoonIbiang,Typhoon Winnie,Typhoon Ibiang,Tropical Cyclone,"Heavy rains, Flooding, Lahar flow",1997-08-18,1997-08-19,1997,08,130000000,PH130000000,NCR,,,,,,,,,,,
TropicalCyclone_1997-05-02_TyphoonBining,#N/A,#N/A,#N/A,#N/A,#N/A,#N/A,#N/A,#N/A,137602000,PH137602000,City of Makati,403,2015,3,,,,,,,,
TropicalCyclone_1997-05-02_TyphoonBining,#N/A,#N/A,#N/A,#N/A,#N/A,#N/A,#N/A,#N/A,137401000,PH137401000,City of Mandaluyong,275,1647,,,,,,,,,
TropicalCyclone_1997-05-02_TyphoonBining,#N/A,#N/A,#N/A,#N/A,#N/A,#N/A,#N/A,#N/A,137402000,PH137402000,City of Marikina,54,324,,,,,,,,,
TropicalCyclone_1997-05-02_TyphoonBining,#N/A,#N/A,#N/A,#N/A,#N/A,#N/A,#N/A,#N/A,137601000,PH137601000,Las Pinas City,886,4430,,,,,,,,,
TropicalCyclone_1997-05-02_TyphoonBining,#N/A,#N/A,#N/A,#N/A,#N/A,#N/A,#N/A,#N/A,137404000,PH137404000,Quezon City,3000,15000,3,,,,,,,,
TropicalCyclone_1997-05-02_TyphoonBining,#N/A,#N/A,#N/A,#N/A,#N/A,#N/A,#N/A,#N/A,133900000,PH133900000,City of Manila,30,180,3,,,,,,,,
TropicalCyclone_1997-05-02_TyphoonBining,#N/A,#N/A,#N/A,#N/A,#N/A,#N/A,#N/A,#N/A,137403000,PH137403000,City of Pasig,239,1195,,,,6,,,,,
TropicalCyclone_1997-05-02_TyphoonBining,#N/A,#N/A,#N/A,#N/A,#N/A,#N/A,#N/A,#N/A,137604000,PH137604000,Paranaque,7230,36150,,,,,,,,,
TropicalCyclone_1997-05-02_TyphoonBining,#N/A,#N/A,#N/A,#N/A,#N/A,#N/A,#N/A,#N/A,137501000,PH137501000,Caloocan City,14370,70759,3,,,,,,,,
TropicalCyclone_1997-05-02_TyphoonBining,#N/A,#N/A,#N/A,#N/A,#N/A,,#N/A,#N/A,137605000,PH137605000,Pasay ,4581,22773,2,,2,,,,,,
TropicalCyclone_1997-05-02_TyphoonBining,#N/A,#N/A,#N/A,#N/A,#N/A,,#N/A,#N/A,137502000,PH137502000,Malabon,3021,16005,1,,,,,,,,
TropicalCyclone_1997-05-02_TyphoonBining,#N/A,#N/A,#N/A,#N/A,#N/A,,#N/A,#N/A,137504000,PH137504000,Valenzuela City,1994,9970,,,,,,,,,
TropicalCyclone_1997-05-02_TyphoonBining,#N/A,#N/A,#N/A,#N/A,#N/A,,#N/A,#N/A,137405000,PH137405000,San Juan,1123,5252,,,,,,,,,
TropicalCyclone_1997-05-02_TyphoonBining,#N/A,#N/A,#N/A,#N/A,#N/A,,#N/A,#N/A,137606000,PH137606000,Pateros,20,120,,,,,,,,,
TropicalCyclone_1997-05-02_TyphoonBining,#N/A,#N/A,#N/A,#N/A,#N/A,,#N/A,#N/A,137607000,PH137607000,Taguig,737,3685,4,4,,,,,,,
TropicalCyclone_1997-05-02_TyphoonBining,#N/A,#N/A,#N/A,#N/A,#N/A,,#N/A,#N/A,137603000,PH137603000,Muntinlupa City,2300,11650,,,,,,,,,
TropicalCyclone_1997-05-02_TyphoonBining,#N/A,#N/A,#N/A,#N/A,#N/A,,#N/A,#N/A,137503000,PH137503000,Navotas,378,1890,1,,,,,,,,
Earthquake_1999-12-12_LuzonEarthquake,1999 Luzon Earthquake,1999 Luzon Earthquake,Earthquake,Aftershocks,1999-12-12,,1999,12,130000000,PH130000000,NCR,,,,,,,,,,,
TropicalCyclone_2008-06-29_TyphoonFrank,Typhoon Fengshen,Typhoon Frank,Tropical Cyclone,"Heavy rains, Flooding",2008-06-29,,2008,06,130000000,PH130000000,NCR,1389,6830,,,,,,,37.80,,
TropicalCyclone_2008-06-29_TyphoonFrank,Typhoon Fengshen,Typhoon Frank,Tropical Cyclone,"Heavy rains, Flooding",2008-06-29,,2008,06,137404000,PH137404000,Quezon City,,,,,,,,,6.00,,
TropicalCyclone_2008-06-29_TyphoonFrank,Typhoon Fengshen,Typhoon Frank,Tropical Cyclone,"Heavy rains, Flooding",2008-06-29,,2008,06,137607000,PH137607000,Taguig City,148,740,,,,,,,,,
TropicalCyclone_2008-06-29_TyphoonFrank,Typhoon Fengshen,Typhoon Frank,Tropical Cyclone,"Heavy rains, Flooding",2008-06-29,,2008,06,137603000,PH137603000,Muntinlupa City,72,360,,,,,,,,,
TropicalCyclone_2008-06-29_TyphoonFrank,Typhoon Fengshen,Typhoon Frank,Tropical Cyclone,"Heavy rains, Flooding",2008-06-29,,2008,06,133900000,PH133900000,City of Manila,210,1050,,,,,,,,,
TropicalCyclone_2008-06-29_TyphoonFrank,Typhoon Fengshen,Typhoon Frank,Tropical Cyclone,"Heavy rains, Flooding",2008-06-29,,2008,06,137503000,PH137503000,Navotas City,186,971,,,,,,,,,
TropicalCyclone_2008-06-29_TyphoonFrank,Typhoon Fengshen,Typhoon Frank,Tropical Cyclone,"Heavy rains, Flooding",2008-06-29,,2008,06,137403000,PH137403000,Pasig City,4,20,,,,,,,,,
TropicalCyclone_2008-06-29_TyphoonFrank,Typhoon Fengshen,Typhoon Frank,Tropical Cyclone,"Heavy rains, Flooding",2008-06-29,,2008,06,137504000,PH137504000,Valenzuela Ciy,15,75,,,,,,,,,
TropicalCyclone_2008-06-29_TyphoonFrank,Typhoon Fengshen,Typhoon Frank,Tropical Cyclone,"Heavy rains, Flooding",2008-06-29,,2008,06,137501000,PH137501000,Caloocan City,94,470,,,,,,,31.80,,
TropicalCyclone_2008-06-29_TyphoonFrank,Typhoon Fengshen,Typhoon Frank,Tropical Cyclone,"Heavy rains, Flooding",2008-06-29,,2008,06,137405000,PH137405000,San Juan City,585,1770,,,,,,,,,
TropicalCyclone_2008-06-29_TyphoonFrank,Typhoon Fengshen,Typhoon Frank,Tropical Cyclone,"Heavy rains, Flooding",2008-06-29,,2008,06,137605000,PH137605000,Pasay City,7,35,,,,,,,,,
TropicalCyclone_2008-06-29_TyphoonFrank,Typhoon Fengshen,Typhoon Frank,Tropical Cyclone,"Heavy rains, Flooding",2008-06-29,,2008,06,137601000,PH137601000,Las Pinas City,18,89,,,,,,,,,
TropicalCyclone_2001-07-02_TyphoonFeria,Severe Tropical Storm Utor,Typhoon Feria,Tropical Cyclone,,2001-07-02,,2001,07,130000000,PH130000000,NCR,126,600,,,,,,,1.00,,
TropicalCyclone_2001-07-02_TyphoonFeria,Severe Tropical Storm Utor,Typhoon Feria,Tropical Cyclone,,2001-07-02,,2001,07,137502000,PH137502000,Malabon,45,194,,,,,,,,,
TropicalCyclone_2001-07-02_TyphoonFeria,Severe Tropical Storm Utor,Typhoon Feria,Tropical Cyclone,,2001-07-02,,2001,07,137503000,PH137503000,Navotas,44,247,,,,,,,,,
TropicalCyclone_2001-07-02_TyphoonFeria,Severe Tropical Storm Utor,Typhoon Feria,Tropical Cyclone,,2001-07-02,,2001,07,137404000,PH137404000,Quezon City,37,159,,,,,,,,,
TropicalStorm_1995-09-27_TropicalStormMameng,#N/A,#N/A,#N/A,#N/A,#N/A,,#N/A,#N/A,130000000,PH130000000,NCR,,,,,,,,,,,
TropicalStorm_1995-10-31_TropicalStormRosing,#N/A,#N/A,#N/A,#N/A,#N/A,,#N/A,#N/A,130000000,PH130000000,NCR,,,,,,,,,,,
Typhoon_1986-07-11_TyphoonGading,Typhoon Peggy,Typhoon Gading,Tropical Cyclone,,1986-07-06,,1986,07,130000000,PH130000000,Metro Manila,23756,142534,,,,,,,,,
Typhoon_1986-07-11_TyphoonGading,Typhoon Peggy,Typhoon Gading,Tropical Cyclone,,1986-07-06,,1986,07,137404000,PH137404000,Quezon City,,,12,,,,,,,,
Typhoon_1986-07-11_TyphoonGading,Typhoon Peggy,Typhoon Gading,Tropical Cyclone,,1986-07-06,,1986,07,133900000,PH133900000,Manila,,,12,4,,,,,,,
Human-InducedHazard_1994-12-02,,,Human-Induced Hazard,Ship collision,1994-12-02,,1994,12,133900000,PH133900000,Manila Bay,,551,73,,,,,,,,
TropicalCyclone_2003-08-29_TyphoonOnyok,Typhoon Dujuan,Typhoon Onyok,Tropical Cyclone,,2003-08-29,,2003,08,137404000,PH137404000,Quezon City,104,518,,,,,,,,,
TropicalCyclone_2003-08-29_TyphoonOnyok,Typhoon Dujuan,Typhoon Onyok,Tropical Cyclone,,2003-08-29,,2003,08,137402000,PH137402000,Marikina,41,203,,,,,,,,,
TropicalCyclone_2003-05-25_TropicalStormChedeng,Tropical Storm Linfa,"Tropical Storm Chedeng
",Tropical Cyclone,,2003-05-25,,2003,05,130000000,PH130000000,NCR,,,,,,,,,,,
TropicalCyclone_2003-05-25_TropicalStormChedeng,Tropical Storm Linfa,"Tropical Storm Chedeng
",Tropical Cyclone,,2003-05-25,,2003,05,133900000,PH133900000,NCR,2227,11144,3,0,0,0,0,,,,
TropicalCyclone_2003-05-25_TropicalStormChedeng,Tropical Storm Linfa,"Tropical Storm Chedeng
",Tropical Cyclone,,2003-05-25,,2003,05,137503000,PH137503000,Navotas,105,540,,,,,,,,,
TropicalCyclone_2003-05-25_TropicalStormChedeng,Tropical Storm Linfa,"Tropical Storm Chedeng
",Tropical Cyclone,,2003-05-25,,2003,05,137405000,PH137405000,San Juan,24,120,,,,,,,,,
TropicalCyclone_2003-05-25_TropicalStormChedeng,Tropical Storm Linfa,"Tropical Storm Chedeng
",Tropical Cyclone,,2003-05-25,,2003,05,137504000,PH137504000,Valenzuela,68,340,1,,,,,,,,
TropicalCyclone_2003-05-25_TropicalStormChedeng,Tropical Storm Linfa,"Tropical Storm Chedeng
",Tropical Cyclone,,2003-05-25,,2003,05,137404000,PH137404000,Quezon City,108,540,,,,,,,,,
TropicalCyclone_2003-05-25_TropicalStormChedeng,Tropical Storm Linfa,"Tropical Storm Chedeng
",Tropical Cyclone,,2003-05-25,,2003,05,137502000,PH137502000,Malabon,494,2464,1,,,,,,,,
TropicalCyclone_2003-05-25_TropicalStormChedeng,Tropical Storm Linfa,"Tropical Storm Chedeng
",Tropical Cyclone,,2003-05-25,,2003,05,137402000,PH137402000,Marikina City,380,1882,,,,,,,,,
TropicalCyclone_2003-05-25_TropicalStormChedeng,Tropical Storm Linfa,"Tropical Storm Chedeng
",Tropical Cyclone,,2003-05-25,,2003,05,137500000,PH137500000,Metro Manila,1048,5258,,,,,,,,,
TropicalCyclone_2003-05-25_TropicalStormChedeng,Tropical Storm Linfa,"Tropical Storm Chedeng
",Tropical Cyclone,,2003-05-25,,2003,05,137501000,PH137501000,Caloocan City,,,1,,,,,,,,
TropicalCyclone_2003-08-29_TyphoonOnyok,Typhoon Dujuan,Typhoon Onyok,Tropical Cyclone,,2003-08-29,,2003,08,130000000,PH130000000,NCR,,,,,,,,,,,
TropicalCyclone_2003-08-29_TyphoonOnyok,Typhoon Dujuan,Typhoon Onyok,Tropical Cyclone,,2003-08-29,,2003,08,137404000,PH137404000,Quezon City,104,518,,,,,,,,,
TropicalCyclone_2003-08-29_TyphoonOnyok,Typhoon Dujuan,Typhoon Onyok,Tropical Cyclone,,2003-08-29,,2003,08,137402000,PH137402000,Marikina City,41,203,,,,,,,,,
TropicalCyclone_2003-08-29_TyphoonOnyok,Typhoon Dujuan,Typhoon Onyok,Tropical Cyclone,,2003-08-29,,2003,08,137501000,PH137501000,Caloocan City,,,1,1,,,,,,,
TropicalCyclone_1971-10-06_TropicalStormKrising,Severe Tropical Storm Faye,Tropical Storm Krising,Tropical Cyclone,Tropical Storm,1971-10-06,,1971,10,130000000,PH130000000,NCR,,,,,,,,,,,
TropicalCyclone_1970-09-04_TropicalStormOyang,Severe Tropical Storm Fran,Tropical Storm Oyang,Tropical Cyclone,Tropical Storm,1970-09-04,,1970,09,130000000,PH130000000,NCR,,,,,,,,,,,
TropicalCyclone_2002-06-28_SouthwestMonsoonRains,,Southwest Monsoon Rains (?),Tropical Cyclone,Southwest Monsoon Rains,2002-06-28,,2002,06,130000000,PH130000000,NCR,,,,,,,,,,,
TropicalCyclone_2002-08-11_TropicalDepressionMilenyo,Tropical Depression 18W,Tropical Depression Milenyo,Tropical Cyclone,Tropical Depression,2002-08-11,,2002,08,130000000,PH130000000,NCR,,,,,,,,,,,
Human-InducedHazard_2004-10-28_Fire,,,Human-Induced Hazard,Fire,2004-10-28,,2004,10,137602000,PH137602000,Makati City,,,,,,,,,,,
Human-InducedHazard_2004-10-26_Fire,,,Human-Induced Hazard,Fire,2004-10-26,,2004,10,137404000,PH137404000,Quezon City,,,,,,,,,,,
Human-InducedHazard_2004-10-25_Fire,,,Human-Induced Hazard,Fire,2004-10-25,,2004,10,137607000,PH137607000,Taguig City,,,,,,,,,,,
Human-InducedHazard_2004-10-23_Fire,,,Human-Induced Hazard,Fire,2004-10-23,,2004,10,133900000,PH133900000,City of Manila,,,,,,,,,,,
Human-InducedHazard_2004-10-19_Fire,,,Human-Induced Hazard,Fire,2004-10-19,,2004,10,137404000,PH137404000,Quezon City,,,,,,,,,,,
Human-InducedHazard_2004-10-17_Fire,,,Human-Induced Hazard,Fire,2004-10-17,,2004,10,137501000,PH137501000,Caloocan City,,,,,,,,,,,
Human-InducedHazard_2004-10-14_Fire,,,Human-Induced Hazard,Fire,2004-10-14,,2004,10,133900000,PH133900000,City of Manila,,,,,,,,,,,
Human-InducedHazard_2004-10-13_Fire,,,Human-Induced Hazard,Fire,2004-10-13,,2004,10,137404000,PH137404000,Quezon City,,,,,,,,,,,
Human-InducedHazard_2004-10-11_Fire,,,Human-Induced Hazard,Fire,2004-10-11,,2004,10,137404000,PH137404000,Quezon City,,,,,,,,,,,
Human-InducedHazard_2004-10-07_Fire,,,Human-Induced Hazard,Fire,2004-10-07,,2004,10,137603000,PH137603000,City of Muntinlupa,,,,,,,,,,,
Human-InducedHazard_2005-01-05_FireIncidentSummary,,,Fire,Fire Incident Summary,2005-01-05,,2005,01,130000000,PH130000000,NCR,,,,,,,,,,,
Human-InducedHazard_2005-01-29_Fire,,,Fire,,2005-01-29,,2005,01,137602000,PH137602000,City of Makati,,,,,,,,,,,
Human-InducedHazard_2005-01-25_Fire,,,Fire,,2005-01-25,,2005,01,133903004,PH133903004,City of Manila,,,,,,,,,,,
Human-InducedHazard_2005-01-15_Fire,,,Fire,,2005-01-15,,2005,01,137605095,PH137605095,Pasay City,,,,,,,,,,,
Human-InducedHazard_2005-01-16_VehicularAccidentsSummary,,,Human-Induced Hazard,Vehicular Accidents Summary,2005-01-16,,2005,01,130000000,PH130000000,NCR,,,,,,,,,,,
Human-InducedHazard_2005-01-22_BusCrash,,,Human-Induced Hazard,Bus Crash,2005-01-22,,2005,01,137404022,PH137404022,Quezon City,,,,,,,,,,,
Human-InducedHazard_2004-07-23_EightStoreyBuilding(SAIBldg),,Eight Storey Building (SAI Bldg),Human-Induced Hazard,,2004-07-23,,2004,07,133901170,PH133901170,City of Manila,,,,,,,,,,1.00,
Human-InducedHazard_2004-07-18_,,,Human-Induced Hazard,,2004-07-18,,2004,07,137404008,PH137404008,Quezon City,75,,,2,,25,,,,,
Human-InducedHazard_2004-07-23_,,,Human-Induced Hazard,,2004-07-23,,2004,07,137404009,PH137404009,Quezon City,,,,,,20,,,,,
TropicalCyclone_2003-09-02_TyphoonOnyok,Typhoon Dujuan,Typhoon Onyok,Tropical Cyclone,Typhoon,2003-09-02,,2003,09,137404000,PH137404000,Quezon City,104,518,,,,,,,,,
TropicalCyclone_2003-09-02_TyphoonOnyok,Typhoon Dujuan,Typhoon Onyok,Tropical Cyclone,Typhoon,2003-09-02,,2003,09,137501000,PH137501000,Caloocan,,,1,1,,1,,,,,
TropicalCyclone_2003-09-02_TyphoonOnyok,Typhoon Dujuan,Typhoon Onyok,Tropical Cyclone,Typhoon,2003-09-02,,2003,09,137402000,PH137402000,Marikina,41,203,,,,,,,,,
TropicalCyclone_2004-08-24_TyphoonMarce,Typhoon Aere,Typhoon Marce,Tropical Cyclone,Tropical Cyclone,2004-08-24,,2004,08,130000000,PH130000000,NCR,,,,,,,,,,,
Human-InducedHazard_2002-03-30_BasecoCompoundFireIncident,,Baseco Compound Fire Incident,Human-Induced Hazard,,2002-03-30,,2002,03,133913001,PH133913001,City of Manila,3000,15000,2,8,4,,,300.00,1600.00,15.00,
Human-InducedHazard_2003-03-06_BasecoCompoundFireIncident,,Baseco Compound Fire Incident,Human-Induced Hazard,,2003-03-06,,2003,03,133913001,PH133913001,City of Manila,913,2700,1,,,,,,783.00,,
Human-InducedHazard_2004-01-11_BasecoCompoundFireIncident,,Baseco Compound Fire Incident,Human-Induced Hazard,,2004-01-11,,2004,01,133913001,PH133913001,City of Manila,3239,16195,0,23,,,,,2500.00,40.00,
"Human-InducedHazard_2002-03-30_FireIncidentatBasecoCompound,NorthHarbor,BagongLupa,Tondo,Manila",,"Fire Incident at Baseco Compound, North Harbor, Bagong Lupa, Tondo, Manila",Human-Induced Hazard,Fire,2002-03-30,,2002,03,133913001,PH133913001,City of Manila,3000,15000,,,4,,,,15.00,,
Others_2002-05-21_LuzonWidePowerBlackout,,Luzon Wide Power Blackout,Others,Power Interruption,2002-05-21,,2002,05,130000000,PH130000000,NCR,,,,,,,,,,,
Human-InducedHazard_2002-11_CrashLandingofLaoagInternationalAirFlightL-7-585,,Crash Landing of Laoag International Air Flight L-7-585,Human-Induced Hazard,Vehicular Accident,2002-11,,2002,11,"Vicinity of Manila Bay 1km away from Baclaran, Paranaque City","PHVicinity of Manila Bay 1km away from Baclaran, Paranaque City",Paranaque City,,34,18,,1,,,,,,
TropicalCyclone_1998-09-15_TyphoonEmangandTropicalStormGading,,Typhoon Emang and Tropical Storm Gading,Tropical Cyclone,Typhoon,1998-09-15,,1998,09,130000000,PH130000000,NCR,4784,23920,6,2,,,,,,,
TropicalCyclone_2009-06-23_TyphoonFeria,Tropical Storm Nangka,Typhoon Feria,Tropical Cyclone,Typhoon ,2009-06-23,,2009,06,133900000,PH133900000,NCR,690,3420,,,,,,,,,
TropicalCyclone_2009-07-14_TyphoonIsang,Typhoon Molave,Typhoon Isang,Tropical Cyclone,Typhoon,2009-07-14,,2009,07,130000000,PH130000000,NCR,1181,5858,,,,,,,,,
TropicalCyclone_2009-08-03_TyphoonKiko,Typhoon Morakot,Typhoon Kiko,Tropical Cyclone,Typhoon,2009-08-03,,2009,08,130000000,PH130000000,NCR,297,1485,1,,,,,,,,
TropicalCyclone_2009-09-08_TropicalDepressionMaring,Tropical Storm Mujigae,Tropical Depression Maring,Tropical Cyclone,Typhoon ,2009-09-08,,2009,09,130000000,PH130000000,NCR,,,1,,,,,,,,
TropicalCyclone_1998-10-15_TyphoonLoleng,,Typhoon Loleng,Tropical Cyclone,Typhoon,1998-10-15,,1998,10,130000000,PH130000000,NCR,8255,48934,4,0,1,,,,,,
TropicalCyclone_1999-10-15_TyphoonRening,Tropical Storm Eve, Typhoon Rening,Tropical Cyclone,Typhoon,1999-10-15,,1999,10,137504000,PH137504000,Valenzuela City,10,,,,,,,,,,
TropicalCyclone_1999-10-15_TyphoonRening,Tropical Storm Eve, Typhoon Rening,Tropical Cyclone,Typhoon,1999-10-15,,1999,10,137603000,PH137603000,Muntinlupa City,10,,,,,,,,,,
TropicalCyclone_1999-10-15_TyphoonRening,Tropical Storm Eve, Typhoon Rening,Tropical Cyclone,Typhoon,1999-10-15,,1999,10,137402000,PH137402000,Marikina City,1225,,,,,,,,,,
TropicalCyclone_1999-10-15_TyphoonRening,Tropical Storm Eve, Typhoon Rening,Tropical Cyclone,Typhoon,1999-10-15,,1999,10,137607000,PH137607000,Taguig,,,1,,,,,,,,
"TropicalCyclone_as of September 13, 1999_TyphoonNeneng",Severe Tropical Storm York, Typhoon Neneng,Tropical Cyclone,Typhoon,1999-09-13,,1999,09,137603000,PH137603000,Muntinlupa City,580,3447,,,,,,,,,
"TropicalCyclone_as of September 13, 1999_TyphoonNeneng",Severe Tropical Storm York, Typhoon Neneng,Tropical Cyclone,Typhoon,1999-09-13,,1999,09,137402000,PH137402000,Marikina City,93,380,,,,,,,,,
TropicalCyclone_1999-07-25_TyphoonHelming,Severe Tropical Storm Neil,Typhoon Helming,Tropical Cyclone,Typhoon,1999-07-25,,1999,07,137504000,PH137504000,Valenzuela City,,,,,,,,,,,
TropicalCyclone_1999-07-25_TyphoonHelming,Severe Tropical Storm Neil,Typhoon Helming,Tropical Cyclone,Typhoon,1999-07-25,,1999,07,137502000,PH137502000,Malabon City,,,,,,,,,,,
TropicalCyclone_1999-07-25_TyphoonHelming,Severe Tropical Storm Neil,Typhoon Helming,Tropical Cyclone,Typhoon,1999-07-25,,1999,07,137404000,PH137404000,Quezon City,,,,,,,,,,,
TropicalCyclone_1999-07-25_TyphoonHelming,Severe Tropical Storm Neil,Typhoon Helming,Tropical Cyclone,Typhoon,1999-07-25,,1999,07,137402000,PH137402000,Marikina,,,,,,,,,,,
TropicalCyclone_2013-08-17_TyphoonMaring,Typhoon Trami,Typhoon Maring,Tropical Cyclone,Typhoon,2013-08-17,,2013,08,137501000,PH137501000,Caloocan City,5162,25171,,,,,,,,,
TropicalCyclone_2013-08-17_TyphoonMaring,Typhoon Trami,Typhoon Maring,Tropical Cyclone,Typhoon,2013-08-17,,2013,08,137601000,PH137601000,Las Pinas City,2925,15704,1,,,,,,,,
TropicalCyclone_2013-08-17_TyphoonMaring,Typhoon Trami,Typhoon Maring,Tropical Cyclone,Typhoon,2013-08-17,,2013,08,137602000,PH137602000,Makati City,1073,5358,,,,,,,,,
TropicalCyclone_2013-08-17_TyphoonMaring,Typhoon Trami,Typhoon Maring,Tropical Cyclone,Typhoon,2013-08-17,,2013,08,137502000,PH137502000,Malabon City,7631,35406,,,,,,,,,
TropicalCyclone_2013-08-17_TyphoonMaring,Typhoon Trami,Typhoon Maring,Tropical Cyclone,Typhoon,2013-08-17,,2013,08,133900000,PH133900000,City of Manila,4103,18600,,,,,,,,,
TropicalCyclone_2013-08-17_TyphoonMaring,Typhoon Trami,Typhoon Maring,Tropical Cyclone,Typhoon,2013-08-17,,2013,08,137402000,PH137402000,Marikina City,7784,37921,,,,,,,,,
TropicalCyclone_2013-08-17_TyphoonMaring,Typhoon Trami,Typhoon Maring,Tropical Cyclone,Typhoon,2013-08-17,,2013,08,137603000,PH137603000,Muntinlupa City,631,2742,,,,,,,,,
TropicalCyclone_2013-08-17_TyphoonMaring,Typhoon Trami,Typhoon Maring,Tropical Cyclone,Typhoon,2013-08-17,,2013,08,137503000,PH137503000,Navotas City,86,365,,,,,,,,,
TropicalCyclone_2013-08-17_TyphoonMaring,Typhoon Trami,Typhoon Maring,Tropical Cyclone,Typhoon,2013-08-17,,2013,08,137605000,PH137605000,Pasay City,3014,14983,,,,,,,,,
TropicalCyclone_2013-08-17_TyphoonMaring,Typhoon Trami,Typhoon Maring,Tropical Cyclone,Typhoon,2013-08-17,,2013,08,137403000,PH137403000,Pasig City,2192,10129,,,,,,,,,
TropicalCyclone_2013-08-17_TyphoonMaring,Typhoon Trami,Typhoon Maring,Tropical Cyclone,Typhoon,2013-08-17,,2013,08,137604000,PH137604000,Paranaque,2506,12341,,,,,,,,,
TropicalCyclone_2013-08-17_TyphoonMaring,Typhoon Trami,Typhoon Maring,Tropical Cyclone,Typhoon,2013-08-17,,2013,08,137606000,PH137606000,Pateros,823,3573,,,,,,,,,
TropicalCyclone_2013-08-17_TyphoonMaring,Typhoon Trami,Typhoon Maring,Tropical Cyclone,Typhoon,2013-08-17,,2013,08,137404000,PH137404000,Quezon City,4431,21553,,,,,,,,,
TropicalCyclone_2013-08-17_TyphoonMaring,Typhoon Trami,Typhoon Maring,Tropical Cyclone,Typhoon,2013-08-17,,2013,08,137405000,PH137405000,San Juan City,598,2013,,,,,,,,,
TropicalCyclone_2013-08-17_TyphoonMaring,Typhoon Trami,Typhoon Maring,Tropical Cyclone,Typhoon,2013-08-17,,2013,08,137607000,PH137607000,Taguig City,2731,12691,,,,,,,,,
TropicalCyclone_2013-08-17_TyphoonMaring,Typhoon Trami,Typhoon Maring,Tropical Cyclone,Typhoon,2013-08-17,,2013,08,137504000,PH137504000,Valenzuela City,3657,13439,,,,,,,,,
TropicalCyclone_2014-07-13_TyphoonGlenda,Typhoon Rammasun,Typhoon Glenda,Tropical Cyclone,Typhoon,2014-07-13,,2014,07,130000000,PH130000000,NCR,,,,,,,,,4.58,,4.58
TropicalCyclone_2014-07-13_TyphoonGlenda,Typhoon Rammasun,Typhoon Glenda,Tropical Cyclone,Typhoon,2014-07-13,,2014,07,137501000,PH137501000,Caloocan City,2,10,,,,,,,,,
TropicalCyclone_2014-07-13_TyphoonGlenda,Typhoon Rammasun,Typhoon Glenda,Tropical Cyclone,Typhoon,2014-07-13,,2014,07,137601000,PH137601000,Las Piñas City,142,677,,,,,,3.00,0.18,,3.18
TropicalCyclone_2014-07-13_TyphoonGlenda,Typhoon Rammasun,Typhoon Glenda,Tropical Cyclone,Typhoon,2014-07-13,,2014,07,137502000,PH137502000,Malabon City,565,2332,,,,,,18.45,,,18.45
TropicalCyclone_2014-07-13_TyphoonGlenda,Typhoon Rammasun,Typhoon Glenda,Tropical Cyclone,Typhoon,2014-07-13,,2014,07,133900000,PH133900000,Manila,1156,5818,,2,,47,15,,13.45,,13.45
TropicalCyclone_2014-07-13_TyphoonGlenda,Typhoon Rammasun,Typhoon Glenda,Tropical Cyclone,Typhoon,2014-07-13,,2014,07,137402000,PH137402000,Marikina City,114,576,,,,,,,,,
TropicalCyclone_2014-07-13_TyphoonGlenda,Typhoon Rammasun,Typhoon Glenda,Tropical Cyclone,Typhoon,2014-07-13,,2014,07,137603000,PH137603000,Muntinlupa City,1106,5300,,,,,,20.88,0.10,,20.98
TropicalCyclone_2014-07-13_TyphoonGlenda,Typhoon Rammasun,Typhoon Glenda,Tropical Cyclone,Typhoon,2014-07-13,,2014,07,137503000,PH137503000,Navotas City,718,3744,,,,,,,,,
TropicalCyclone_2014-07-13_TyphoonGlenda,Typhoon Rammasun,Typhoon Glenda,Tropical Cyclone,Typhoon,2014-07-13,,2014,07,137604000,PH137604000,Parañaque City,260,1302,,,,,,,,,
TropicalCyclone_2014-07-13_TyphoonGlenda,Typhoon Rammasun,Typhoon Glenda,Tropical Cyclone,Typhoon,2014-07-13,,2014,07,137605000,PH137605000,Pasay City,277,1039,,,,,,4.73,1.89,,6.62
TropicalCyclone_2014-07-13_TyphoonGlenda,Typhoon Rammasun,Typhoon Glenda,Tropical Cyclone,Typhoon,2014-07-13,,2014,07,137403000,PH137403000,Pasig City,223,928,1,3,,,,,,,
TropicalCyclone_2014-07-13_TyphoonGlenda,Typhoon Rammasun,Typhoon Glenda,Tropical Cyclone,Typhoon,2014-07-13,,2014,07,137404000,PH137404000,Quezon City,279,1370,,2,,,,,35.18,,35.18
TropicalCyclone_2014-07-13_TyphoonGlenda,Typhoon Rammasun,Typhoon Glenda,Tropical Cyclone,Typhoon,2014-07-13,,2014,07,137607000,PH137607000,Taguig City,427,1992,,,,,,50.95,,,50.95
TropicalCyclone_2014-07-13_TyphoonGlenda,Typhoon Rammasun,Typhoon Glenda,Tropical Cyclone,Typhoon,2014-07-13,,2014,07,137504000,PH137504000,Valenzuela City,4,20,1,15,,,,,,,
TropicalCyclone_2014-07-13_TyphoonGlenda,Typhoon Rammasun,Typhoon Glenda,Tropical Cyclone,Typhoon,2014-07-13,,2014,07,137606000,PH137606000,Pateros,,,,3,,,80,,,,
TropicalCyclone_2014-07-13_TyphoonGlenda,Typhoon Rammasun,Typhoon Glenda,Tropical Cyclone,Typhoon,2014-07-13,,2014,07,137602000,PH137602000,Makati City,,,,,,,,2.59,,,2.59
TropicalCyclone_2014-09-12_TyphoonLuis,Typhoon Kalmaegi,Typhoon Luis,Tropical Cyclone,Typhoon,2014-09-12,,2014,09,133900000,PH133900000,Manila,108,474,,,,,,,,,
TropicalCyclone_2014-09-12_TyphoonLuis,Typhoon Kalmaegi,Typhoon Luis,Tropical Cyclone,Typhoon,2014-09-12,,2014,09,137402000,PH137402000,Marikina City,1685,8070,,,,,,,,,
TropicalCyclone_2014-09-12_TyphoonLuis,Typhoon Kalmaegi,Typhoon Luis,Tropical Cyclone,Typhoon,2014-09-12,,2014,09,137403000,PH137403000,Pasig City,98,470,,,,,,,,,
TropicalCyclone_2014-09-12_TyphoonLuis,Typhoon Kalmaegi,Typhoon Luis,Tropical Cyclone,Typhoon,2014-09-12,,2014,09,137404000,PH137404000,Quezon City,179,785,,,,,,,,,
TropicalCyclone_2014-09-17_TyphoonMario,Typhoon Fung-Wong,Typhoon Mario,Tropical Cyclone,Typhoon,2014-09-17,,2014,09,137501000,PH137501000,Caloocan City,1886,10969,,,,,,,0.16,,0.16
TropicalCyclone_2014-09-17_TyphoonMario,Typhoon Fung-Wong,Typhoon Mario,Tropical Cyclone,Typhoon,2014-09-17,,2014,09,137601000,PH137601000,Las Piñas City,114,571,,,,,,,,,
TropicalCyclone_2014-09-17_TyphoonMario,Typhoon Fung-Wong,Typhoon Mario,Tropical Cyclone,Typhoon,2014-09-17,,2014,09,137602000,PH137602000,Makati City,14,49,,,,,,,,,
TropicalCyclone_2014-09-17_TyphoonMario,Typhoon Fung-Wong,Typhoon Mario,Tropical Cyclone,Typhoon,2014-09-17,,2014,09,137502000,PH137502000,Malabon City,936,3582,,,,,,,,,
TropicalCyclone_2014-09-17_TyphoonMario,Typhoon Fung-Wong,Typhoon Mario,Tropical Cyclone,Typhoon,2014-09-17,,2014,09,133900000,PH133900000,Manila,981,3961,1,,,,,,,,
TropicalCyclone_2014-09-17_TyphoonMario,Typhoon Fung-Wong,Typhoon Mario,Tropical Cyclone,Typhoon,2014-09-17,,2014,09,137402000,PH137402000,Marikina City,8254,34848,2,3,,,,,,,
TropicalCyclone_2014-09-17_TyphoonMario,Typhoon Fung-Wong,Typhoon Mario,Tropical Cyclone,Typhoon,2014-09-17,,2014,09,137603000,PH137603000,Muntinlupa City,23,102,,,,,,,,,
TropicalCyclone_2014-09-17_TyphoonMario,Typhoon Fung-Wong,Typhoon Mario,Tropical Cyclone,Typhoon,2014-09-17,,2014,09,137503000,PH137503000,Navotas,33,142,,2,,,,,,,
TropicalCyclone_2014-09-17_TyphoonMario,Typhoon Fung-Wong,Typhoon Mario,Tropical Cyclone,Typhoon,2014-09-17,,2014,09,137605000,PH137605000,Pasay City,204,899,,,,,,,,,
TropicalCyclone_2014-09-17_TyphoonMario,Typhoon Fung-Wong,Typhoon Mario,Tropical Cyclone,Typhoon,2014-09-17,,2014,09,137403000,PH137403000,Pasig City,1782,8511,,,,,,,,,
TropicalCyclone_2014-09-17_TyphoonMario,Typhoon Fung-Wong,Typhoon Mario,Tropical Cyclone,Typhoon,2014-09-17,,2014,09,137404000,PH137404000,Quezon City,3693,16671,4,,,,,,,,
TropicalCyclone_2014-09-17_TyphoonMario,Typhoon Fung-Wong,Typhoon Mario,Tropical Cyclone,Typhoon,2014-09-17,,2014,09,137405000,PH137405000,San Juan,439,2555,,,,,,,,,
TropicalCyclone_2014-09-17_TyphoonMario,Typhoon Fung-Wong,Typhoon Mario,Tropical Cyclone,Typhoon,2014-09-17,,2014,09,137607000,PH137607000,Taguig,86,373,,,,,,,,,
TropicalCyclone_2014-09-17_TyphoonMario,Typhoon Fung-Wong,Typhoon Mario,Tropical Cyclone,Typhoon,2014-09-17,,2014,09,137504000,PH137504000,Valenzuela City,2612,9937,,,,,,,0.10,,0.10
TropicalCyclone_2014-09-17_TyphoonMario,Typhoon Fung-Wong,Typhoon Mario,Tropical Cyclone,Typhoon,2014-09-17,,2014,09,137606000,PH137606000,Pateros,,,,,,,,,,,
TropicalCyclone_2014-09-17_TyphoonMario,Typhoon Fung-Wong,Typhoon Mario,Tropical Cyclone,Typhoon,2014-09-17,,2014,09,137604000,PH137604000,Parañaque City,,,,,,,,,,,
TropicalCyclone_2014-12-03_TyphoonRuby,Typhoon Hagupit,Typhoon Ruby,Tropical Cyclone,Typhoon,2014-12-03,,2014,12,137501000,PH137501000,Caloocan City,83,332,,,,,,,,,
TropicalCyclone_2014-12-03_TyphoonRuby,Typhoon Hagupit,Typhoon Ruby,Tropical Cyclone,Typhoon,2014-12-03,,2014,12,137601000,PH137601000,Las Piñas City,18,50,,,,,,,,,
TropicalCyclone_2014-12-03_TyphoonRuby,Typhoon Hagupit,Typhoon Ruby,Tropical Cyclone,Typhoon,2014-12-03,,2014,12,137502000,PH137502000,Malabon City,278,1092,,,,,,,,,
TropicalCyclone_2014-12-03_TyphoonRuby,Typhoon Hagupit,Typhoon Ruby,Tropical Cyclone,Typhoon,2014-12-03,,2014,12,133900000,PH133900000,Manila,1607,6247,,,,,,,,,
TropicalCyclone_2014-12-03_TyphoonRuby,Typhoon Hagupit,Typhoon Ruby,Tropical Cyclone,Typhoon,2014-12-03,,2014,12,137402000,PH137402000,Marikina City,1189,5376,,,,,,,,,
TropicalCyclone_2014-12-03_TyphoonRuby,Typhoon Hagupit,Typhoon Ruby,Tropical Cyclone,Typhoon,2014-12-03,,2014,12,137603000,PH137603000,Muntinlupa City,592,2756,,,,,,,,,
TropicalCyclone_2014-12-03_TyphoonRuby,Typhoon Hagupit,Typhoon Ruby,Tropical Cyclone,Typhoon,2014-12-03,,2014,12,137503000,PH137503000,Navotas City,678,3309,,,,,,,,,
TropicalCyclone_2014-12-03_TyphoonRuby,Typhoon Hagupit,Typhoon Ruby,Tropical Cyclone,Typhoon,2014-12-03,,2014,12,137604000,PH137604000,Parañaque City,433,1417,,,,,,,,,
TropicalCyclone_2014-12-03_TyphoonRuby,Typhoon Hagupit,Typhoon Ruby,Tropical Cyclone,Typhoon,2014-12-03,,2014,12,137605000,PH137605000,Pasay City,265,1070,,,,,,,,,
TropicalCyclone_2014-12-03_TyphoonRuby,Typhoon Hagupit,Typhoon Ruby,Tropical Cyclone,Typhoon,2014-12-03,,2014,12,137403000,PH137403000,Pasig City,102,458,,,,,,,,,
TropicalCyclone_2014-12-03_TyphoonRuby,Typhoon Hagupit,Typhoon Ruby,Tropical Cyclone,Typhoon,2014-12-03,,2014,12,137404000,PH137404000,Quezon City,289,1355,,,,,,,,,
TropicalCyclone_2014-12-03_TyphoonRuby,Typhoon Hagupit,Typhoon Ruby,Tropical Cyclone,Typhoon,2014-12-03,,2014,12,137607000,PH137607000,Taguig City,8,36,,,,,,,,,
TropicalCyclone_2014-12-03_TyphoonRuby,Typhoon Hagupit,Typhoon Ruby,Tropical Cyclone,Typhoon,2014-12-03,,2014,12,137504000,PH137504000,Valenzuela City,375,1331,,,,,,,,,
TropicalCyclone_2014-12-03_TyphoonRuby,Typhoon Hagupit,Typhoon Ruby,Tropical Cyclone,Typhoon,2014-12-03,,2014,12,137602000,PH137602000,Makati City,,,,,,,,,,,
TropicalCyclone_2014-12-03_TyphoonRuby,Typhoon Hagupit,Typhoon Ruby,Tropical Cyclone,Typhoon,2014-12-03,,2014,12,137606000,PH137606000,Pateros,,,,,,,,,,,
TropicalCyclone_2014-12-03_TyphoonRuby,Typhoon Hagupit,Typhoon Ruby,Tropical Cyclone,Typhoon,2014-12-03,,2014,12,137405000,PH137405000,San Juan City,,,,,,,,,,,
TropicalCyclone_2015-10_TyphoonLando,Typhoon Lando Koppu,Typhoon Lando,Tropical Cyclone,Typhoon,,,,,137402000,PH137402000,Marikina City,500,2450,,,,,,,,,
TropicalCyclone_2015-10_TyphoonLando,Typhoon Lando Koppu,Typhoon Lando,Tropical Cyclone,Typhoon,,,,,137503000,PH137503000,Navotas City,17,85,,,,,,,,,
TropicalCyclone_2015-10_TyphoonLando,Typhoon Lando Koppu,Typhoon Lando,Tropical Cyclone,Typhoon,,,,,137404000,PH137404000,Quezon City,914,4161,2,5,,,,,,,
TropicalCyclone_2015-12-12_TyphoonNona,Typhoon Melor,Typhoon Nona,Tropical Cyclone,Typhoon,2015-12-12,,2015,12,137404000,PH137404000,Quezon City,,,1,,,,,,,,
TropicalCyclone_2016-07-05_TyphoonButchoy,Typhoon Nepartak,Typhoon Butchoy,Tropical Cyclone,Typhoon,2016-07-05,,2016,07,137504000,PH137504000,Valenzuela City,,,,,,,,,,,
TropicalCyclone_2017-02-03_TyphoonBising,Tropical Depression Bising,Typhoon Bising,Tropical Cyclone,Typhoon,2017-02-03,,2017,02,137504000,PH137504000,Valenzuela City,,,1,,,,,,,,
TropicalCyclone_2017-07-25_TyphoonGorio,Typhoon Nesat,Typhoon Gorio,Tropical Cyclone,Typhoon,2017-07-25,,2017,07,137502000,PH137502000,Malabon City,14,70,,,,,,,,,
TropicalCyclone_2017-07-25_TyphoonGorio,Typhoon Nesat,Typhoon Gorio,Tropical Cyclone,Typhoon,2017-07-25,,2017,07,137504000,PH137504000,Valenzuela City,267,939,,,,,,,,,
TropicalCyclone_2017-09-11_TyphoonLannieandMaring,Typhoon Talim and Typhoon Doksuri,Typhoon Lannie and Maring,Tropical Cyclone,Typhoon,2017-09-11,,2017,09,137503000,PH137503000,Navotas City,38,190,,,,,,,,,
TropicalCyclone_2017-09-11_TyphoonLannieandMaring,Typhoon Talim and Typhoon Doksuri,Typhoon Lannie and Maring,Tropical Cyclone,Typhoon,2017-09-11,,2017,09,133900000,PH133900000,City of Manila,4,16,,,,,,,,,
TropicalCyclone_2017-09-11_TyphoonLannieandMaring,Typhoon Talim and Typhoon Doksuri,Typhoon Lannie and Maring,Tropical Cyclone,Typhoon,2017-09-11,,2017,09,137607000,PH137607000,Taguig City,180,844,,,,,,,,,
TropicalCyclone_2017-09-11_TyphoonLannieandMaring,Typhoon Talim and Typhoon Doksuri,Typhoon Lannie and Maring,Tropical Cyclone,Typhoon,2017-09-11,,2017,09,137405000,PH137405000,San Juan City,10,40,,,,,,,,,
TropicalCyclone_2017-09-11_TyphoonLannieandMaring,Typhoon Talim and Typhoon Doksuri,Typhoon Lannie and Maring,Tropical Cyclone,Typhoon,2017-09-11,,2017,09,137504000,PH137504000,Valenzuela City,87,274,1,,,,,,,,
TropicalCyclone_2017-09-11_TyphoonLannieandMaring,Typhoon Talim and Typhoon Doksuri,Typhoon Lannie and Maring,Tropical Cyclone,Typhoon,2017-09-11,,2017,09,137502000,PH137502000,Malabon City,4,16,,,,,,,,,
TropicalCyclone_2017-09-11_TyphoonLannieandMaring,Typhoon Talim and Typhoon Doksuri,Typhoon Lannie and Maring,Tropical Cyclone,Typhoon,2017-09-11,,2017,09,137604000,PH137604000,Parañaque,,,,,,,,,,,
TropicalCyclone_2017-09-11_TyphoonLannieandMaring,Typhoon Talim and Typhoon Doksuri,Typhoon Lannie and Maring,Tropical Cyclone,Typhoon,2017-09-11,,2017,09,137605000,PH137605000,Pasay City,,,1,,,,,,,,
TropicalCyclone_2017-09-11_TyphoonLannieandMaring,Typhoon Talim and Typhoon Doksuri,Typhoon Lannie and Maring,Tropical Cyclone,Typhoon,2017-09-11,,2017,09,137402000,PH137402000,Marikina City,15,71,,,,,,,,,